0.43743686189079406
0.42821858526284745
0.40954439254984415
0.38695946271323434
0.3615674472434733
0.33321741068045535
0.31913663668925046
0.31458128183843387
0.30283060594941014
0.28813424871612564
0.27401693961159607
0.27179031214252586
0.2555858413167142
0.24530140477456902
0.2338079528406104
0.22219715643772903
0.21811793519766884
0.2020758294043753
0.19407112284236683
0.1840813190175433
0.17232043893519292
0.16587398057904004
0.1627470998525389
0.1599985661405744
0.15333285770087784
0.1477865513953238
0.14679712335420866
0.13829652235670414
0.13677503542094327
0.13061685974830212
0.12808312371052932
0.12210993879778731
0.11555305976864305
0.11376937032265401
0.1107143011090393
0.10859814068975948
0.10118451874499468
0.09740236779573389
0.09551931669818785
0.0933276460443702
0.0889886769787484
0.08604125470050765
0.08308335149698075
0.07930775493635489
0.07830406504758586
0.0756417618825012
0.07523118594568128
0.07416536537009519
0.07349673057798962
0.06924613504841978
0.06910025128707906
0.06800070512425227
0.06742645181170198
0.06581966920299685
0.06258217291651808
0.06157248047433258
0.06087214800748345
0.06035173886114419
0.05718026001956718
0.05606420491267748
0.05423476523550222
0.05397661465238873
0.05378247405542851
0.05189914986029336
0.04869632174913832
0.04773508292574856
0.04728254931465233
0.04693252038696118
0.046723657370079275
0.0440550038848032
0.042491991619567245
0.041961526636721605
0.04123615630476111
0.0400103705006597
0.03886141286278204
0.0379741974932433
0.037472600622362726
0.036155012052485246
0.03605733864558647
0.035939571920382864
0.035544880904218125
0.034127498331734375
0.033724062100757034
0.033553005727007305
0.0330153153361303
0.03240028512028785
0.032200854778980104
0.03168973549519948
0.030713726738499283
0.030666704880307632
0.03014327638320527
0.029382609821622722
0.028548267395174836
0.02826449712580107
0.027952512293417487
0.02756213809312316
0.027374008632779466
0.0271114295355695
0.026322252157794768
0.025458838377689016
0.025223072258786294
0.024609465356525962
0.02456076223142675
0.024469661807905187
0.024051619678266814
0.023591210726119187
0.023116356352629368
0.022316238651800328
0.022057637091610113
0.021828315860759763
0.021436637909237256
0.021248848851606533
0.020990177081592377
0.020422408428697664
0.020032367329080182
0.019831995129775674
0.019369200143049912
0.01915053640654255
0.018671100289272085
0.01849352240392255
0.01843595304258847
0.018272978118573754
0.018035407486782448
0.0178789142407183
0.017549970904191876
0.01730268910885542
0.017267256980100797
0.01715198050044278
0.016995944944796094
0.016983776851908144
0.016367134720597146
0.01629436682936854
0.015959470253225028
0.01564933129696019
0.015520028595873226
0.015343630705355634
0.015321096091246635
0.015249814903698164
0.014913675138392138
0.014883518709483415
0.014758011910758774
0.014236452035233013
0.014129733463731165
0.013730361964805881
0.013714925171017078
0.013571337440760273
0.01355451728735357
0.01354899343497863
0.013105848005445802
0.013021118529943978
0.012846819943949388
0.012621989808595477
0.012378684511772427
0.012340387231115755
0.012239556130769762
0.011971639359305052
0.011921498005898534
0.011768291281490062
0.011650712764590433
0.011360603596765596
0.011332493869627964
0.011190714438491432
0.011032443890819695
0.010964020440859918
0.010800709446112906
0.010628378342779068
0.01046348311192973
0.010398094546813556
0.010316267257437346
0.010167412013702623
0.010137001558203563
0.010094988828911982
0.010039395910495269
0.00995710587885119
0.009889567050456865
0.009780210682155776
0.00970975230948314
0.009596688638657789
0.009529995457606778
0.009469376295549342
0.009317229977933406
0.009217265566812401
0.009172789677378983
0.009052935973675673
0.009005556380979354
0.008964690750599592
0.008878260487498027
0.008840783350414362
0.00876105976959172
0.008630968763619335
0.00856948085792224
0.00848094298651752
0.008370059826236101
0.008257667085637037
0.008134107476205778
0.008117317327868722
0.00803654350343996
0.007929383196540697
0.007909303148811615
0.007902432584035661
0.00784883731973736
0.007777311083822944
0.0076666407170103935
0.007493290395975133
0.007458946979655622
0.007368767424599083
0.007280490834108113
0.007263222253657229
0.007258721106485101
0.007110992333878161
0.007096456335000483
0.006974630816813605
0.0068858537299438015
0.0068755477277581975
0.006824539362614285
0.006713187215191382
0.006683976339861083
0.006646811958231858
0.00656982387677352
0.006479212965214173
0.006423085361576053
0.0063323927827789814
0.006314912024938922
0.00621530864623162
0.006109231703788198
0.006100316482793171
0.006092867564383494
0.006063645206630256
0.006005738691732335
0.0059808576824208854
0.005979485167209714
0.005944929487502424
0.00583225667733205
0.005796803664549005
0.00576723882786295
0.005705338160687172
0.005674001841704407
0.005640307352073773
0.005617837713829697
0.005591763036892517
0.005559467537206989
0.005535543759734992
0.005521264132463759
0.005410376562407696
0.005394125842825281
0.005366182151593007
0.005295327373119341
0.005292419118360553
0.005231952873421123
0.0052002557578828025
0.005160385017089403
0.005141611056294639
0.005077113690880243
0.005058404638870369
0.00499703118229441
0.004991235019163015
0.00493749879041124
0.0048735034295896386
0.0048718689797683555
0.004860068435137701
0.004852191516374411
0.004790214266354785
0.004777323512113497
0.004722366585951184
0.00463929534508009
0.004636089754799215
0.004588996014471284
0.0045414370794765275
0.004526956167969736
0.004519473234274104
0.004463784771650526
0.004449317369177356
0.004438878960814818
0.004414321265930744
0.0043533777179470086
0.004310491627892359
0.004273070494210574
0.004250041262587382
0.004230855720678933
0.004205641327266661
0.004188013105757349
0.004148428591834173
0.004126816182255154
0.004021580060399351
0.004016808668127032
0.003990378852965406
0.003985947532022517
0.003948900692327761
0.003935353441071839
0.003913785569771999
0.0038917511465434915
0.0038734528300165476
0.003854367894568625
0.0037864875466027737
0.0037435928582779973
0.0037269734023137675
0.003714409746630945
0.0037068348078927345
0.0036965131075075122
0.0036738348715489475
0.0036328045077289543
0.0036215668056805463
0.0035996857330924266
0.003590140884713003
0.0035847940671633583
0.0035751969724894463
0.0035570587854049196
0.0035267358549619264
0.0034943131068161984
0.003490234006361242
0.003479905070926919
0.003470460405459111
0.0034349763461310814
0.00339048130113867
0.003358347989098677
0.003357744033707597
0.0033348928376565937
0.0033150477875727117
0.003307800942913594
0.0032935391170663226
0.003275831605623348
0.0032660647575805213
0.0032463195205543476
0.003217196450499452
0.003211300116692354
0.003159644459094331
0.0031311330970890247
0.003129288328265799
0.00312522433233367
0.0031233378832638803
0.0030710485578778358
0.003063830256441311
0.0030402104268249554
0.0030385244890632677
0.0030284197482401123
0.0030166267286348214
0.002981999470039153
0.002947143563471735
0.0029346668992953824
0.002928379242614701
0.0028914387553151764
0.0028849451507989045
0.002869844200422043
0.002849548326780173
0.002846142887228486
0.0028405289770861665
0.002819349815374405
0.002809030205705384
0.002794266794485421
0.00274929559787771
0.0027468706984476246
0.002726101640609772
0.0027000904262773433
0.0026744694955465136
0.002661583693875466
0.002655104945816825
0.002651993191806765
0.0026488970783900474
0.002634400547451607
0.0026047213657233973
0.0025985544073494284
0.002575377476636006
0.0025653217205915055
0.002564176505093434
0.0025379879867339027
0.002510295389146881
0.002498620713313566
0.002483933163384608
0.0024748752672921147
0.0024674711069107586
0.0024271318314620445
0.002415967113952894
0.0024145563791092995
0.002410732992595168
0.0024060916791160455
0.002397822442187213
0.0023923236399983373
0.0023860420535837873
0.0023846295559937494
0.0023654141239908173
0.0023630021332186123
0.002353479400893812
0.0023378856566114276
0.002329806613442334
0.0023283307517634353
0.0023135548081649406
0.002287931547252956
0.0022709868877292976
0.0022531758316895563
0.002250089075704345
0.0022339031676941066
0.0022290505230065163
0.0022289620896578967
0.002219012651284313
0.0022175496889169062
0.002211827484555163
0.0021960827883576325
0.002191841749203142
0.0021916162688307653
0.0021559959398360796
0.0021482466916857555
0.00214310996631825
0.0021255574060812725
0.002104279191747053
0.0020980953058821698
0.0020893853205398594
0.002086956989306309
0.0020844756251248023
0.0020744499264939206
0.0020705786279452683
0.0020645262280733633
0.0020577422885020686
0.00203252107103627
0.0020200205263644993
0.002010905911156249
0.0019964234864407945
0.001978505889079179
0.0019766666950321666
0.0019749232126498907
0.001951793002373015
0.0019473120860793041
0.001946160612214005
0.0019435878888473229
0.0019376536413285815
0.0019316842900717768
0.0019280013826964248
0.0019042153512699256
0.0018993506504280653
0.0018711807348169543
0.001865937171198034
0.001863031663944209
0.0018471428527469004
0.001838589850934014
0.0018358683342649038
0.001833627346519372
0.0018204867327531323
0.001811819557146748
0.0018107357888469363
0.0017971712471191313
0.0017945429767809518
0.0017745295698417102
0.0017671815320389264
0.001756945832932885
0.0017564174687162862
0.0017534896787297226
0.0017385339074374629
0.0017324276469080086
0.0017243206151115965
0.0017015282764954592
0.0016942767983981314
0.0016870280636330794
0.0016777350553315658
0.001674498810742221
0.0016737745401999723
0.0016667477036915585
0.0016633128129601726
0.0016557785090145708
0.0016514739752814267
0.0016373590854007782
0.0016334464087715426
0.0016301783392418103
0.001627782464080932
0.0016201579534547742
0.0016095800398559248
0.0016046647154148806
0.0015975906023432032
0.0015909781781079256
0.001585512387991858
0.0015838281084038148
0.00157907272733846
0.0015644947892088244
0.0015624612042258964
0.0015600058483026804
0.0015504115544799032
0.0015498066985573894
0.0015446078785573913
0.0015429634989229414
0.0015351413353311355
0.0015237716224252417
0.0015232200955303987
0.001519027392266122
0.0015139405694481916
0.001503463948356255
0.0015003216772985486
0.0014914611616866887
0.0014871017771076185
0.0014790682764509889
0.0014693828190723878
0.0014622221441476756
0.0014605300042779816
0.001455296391926229
0.0014519527433223104
0.0014505047046374068
0.0014421556459912582
0.0014402125762607233
0.0014387842182636268
0.0014216683541513318
0.0014210186825713911
0.0014078220833472525
0.0014045046406509258
0.0014014993092357918
0.0013950296529164044
0.0013880037914652333
0.0013833906153142448
0.0013781066299956436
0.0013744905299812365
0.0013722605845162578
0.0013682530726449491
0.0013646001116330282
0.0013644322066622568
0.0013590394250863117
0.0013479701793866787
0.001340372434846265
0.001337099488104633
0.0013262716085716587
0.001322342789040604
0.0013145947790783696
0.001309128148423248
0.001306500231555166
0.00130122983244294
0.0012989747943022976
0.0012954293246382027
0.0012851315132256268
0.0012804536744435411
0.0012785294663995026
0.0012768158317504172
0.0012735824316085736
0.001269976468079503
0.0012637145498766557
0.0012564817648401943
0.0012540722155408967
0.0012456477215820796
0.0012387069067156557
0.0012347998460366357
0.0012307111668199452
0.0012237913132363716
0.001219568737743316
0.001213844509324664
0.0012066026415660737
0.001204508804654039
0.0012020699345087857
0.0011977979953270304
0.0011909538633015496
0.001188130980477005
0.0011862643573920897
0.0011790334189759645
0.0011753941541486753
0.0011723395401655185
0.0011668362420443506
0.001163676324647961
0.0011588436216384028
0.0011535535494376515
0.0011479300514796273
0.0011413565924615198
0.0011403586267441043
0.0011379220980876287
0.0011334744655044026
0.0011298263895533117
0.0011256645142826366
0.0011256578762033431
0.00112415271511597
0.001122890883274216
0.0011114401452950004
0.0011096064412779358
0.0011080096346034298
0.0011074248449429148
0.0011064978566248014
0.0011049461046969372
0.0011029237508238684
0.0010970742979848087
0.0010943804655502048
0.0010911184747114393
0.0010814733141624635
0.0010745808757496441
0.0010719563144130362
0.0010707426278841314
0.0010684183018982803
0.0010650560768495593
0.0010627129736135625
0.001058550670257386
0.0010546363179623902
0.0010532700045132678
0.0010512181060302727
0.001046206289800828
0.001044682071175586
0.0010408651893605663
0.0010340858623352704
0.001026824409183462
0.001025544126124316
0.001024427126681651
0.0010235638647550936
0.0010217505738731687
0.001017820040534513
0.0010150788304081025
0.0010066392190304864
0.0010030120512002406
0.0010005171040146827
0.000997909992172904
0.0009952362529660798
0.0009923672436620646
0.0009887902691349116
0.0009875380725023876
0.0009861761229684454
0.0009817874401825335
0.000978362534370738
0.0009724958389032667
0.0009716536506769082
0.0009680531470083244
0.0009598363911174658
0.0009559850836567192
0.0009529629528526695
0.0009516592878629509
0.0009505427630514805
0.0009495457193172417
0.0009439724082096652
0.0009393114586369756
0.0009385536005217385
0.0009357381165396408
0.000933761837753735
0.0009317158414813854
0.0009289974269141376
0.0009218471141348025
0.0009203344398854309
0.0009190044857633031
0.0009181591214726126
0.0009115586886360966
0.0009087899577961824
0.0009050068229340361
0.0008998701085438782
0.0008990035670123944
0.0008957291584925113
0.0008948923032085543
0.0008864896430577561
0.000883568410714022
0.0008825466804265481
0.0008820721162825295
0.0008797078467036336
0.000878880671751705
0.0008778217718942873
0.0008674644156382247
0.000866222520078453
0.0008635057694037735
0.0008609623685638214
0.0008591376160134529
0.0008572191834002911
0.0008541487612564808
0.0008526637063308224
0.0008524079684896534
0.0008474957330984493
0.0008460737990521356
0.000841422506625822
0.0008366380426675434
0.0008325248805895086
0.0008295203870525707
0.0008287466264524088
0.0008270384819150529
0.0008219898009776131
0.0008202644981162319
0.0008193500465335044
0.0008181031830425407
0.0008175225604153179
0.0008152045373559371
0.000813702881483164
0.0008119585321431225
0.0008105960786796477
0.0008094292935928295
0.0008093672487316997
0.0008070641177479701
0.0008015716861475515
0.000801519503131415
0.0007978748967692095
0.0007954502525587626
0.0007926285718226803
0.00079146245861018
0.000790084884047563
0.0007890007445150287
0.0007847713706402637
0.0007834194234069918
0.0007815560183157702
0.0007798548370945324
0.0007765627798701745
0.0007763372823620135
0.0007740927668817357
0.0007710339247683193
0.0007701770129364318
0.0007693811325421517
0.0007651534836556095
0.0007613832697274446
0.00075964158728267
0.0007574554707308616
0.0007568232066481671
0.0007559655025744132
0.0007541200054468614
0.0007482712679172268
0.0007461897460558051
0.0007458082740706373
0.0007450890803500321
0.0007437443592402857
0.0007413793135245977
0.0007396259890583818
0.0007368336224945441
0.0007353892907834219
0.0007325248864811249
0.0007302551793767571
0.0007275390128410018
0.0007273916268198654
0.0007259105451893573
0.0007226382113306428
0.0007196700327816883
0.0007188345433624723
0.0007134276465297436
0.0007126263130805788
0.0007118400875300815
0.0007085859475040623
0.0007075616984393945
0.0007056378584370533
0.0007035490861511688
0.0007032734632996527
0.0007006306063589335
0.0006991536143717261
0.0006968497900842347
0.0006947138799081313
0.0006931777145340776
0.0006927841195437685
0.0006917968705966251
0.0006905000484522587
0.000685320421695763
0.000681743862800953
0.0006788955549134075
0.0006781569636184164
0.0006771381553232491
0.0006769340070353894
0.000674230204046613
0.0006711680068864467
0.0006679865699571637
0.0006666618762035248
0.0006637576942389934
0.0006626568281558119
0.0006623109386737488
0.0006602912869974926
0.0006593798349652551
0.0006573232955810899
0.0006565457187021742
0.0006548102090597767
0.0006532183661443255
0.0006517376432225484
0.0006500092976076435
0.0006465806688102958
0.0006447987443909407
0.0006408738488944981
0.0006392861883156247
0.000636482299019579
0.0006358522706445896
0.0006344879628464907
0.0006335604423122977
0.0006333375678264795
0.0006311812142510658
0.0006281056700590202
0.000626960344868576
0.0006251537799644554
0.0006234430161151409
0.000622914655633771
0.0006195906813272234
0.0006189288416530242
0.0006159298785554989
0.0006138385015747101
0.0006112989542252128
0.0006101356080090272
0.0006071589960014416
0.000605194134476742
0.0006051054041718842
0.0006046685491018534
0.0006039955109448906
0.0006039669469594772
0.0006025789835776355
0.0006023499826896527
0.0006017082631609514
0.0006010023378100414
0.000597084677736515
0.0005966591242054324
0.0005935124773846942
0.000592557712356781
0.000591843250388764
0.0005913943955122013
0.0005904498988651273
0.0005879351295604475
0.0005872129127932349
0.0005861441989295871
0.0005842644526704707
0.0005818159140465923
0.0005811510373944857
0.0005800090889693977
0.0005774214856332738
0.0005768939286473332
0.0005755553190320762
0.0005748700460223033
0.00057396794817432
0.0005731451859741655
0.0005718977981097776
0.000569384298018159
0.0005678971496526934
0.0005676176959174071
0.000566125902150584
0.0005630053245568226
0.0005614338898399967
0.0005601031688248928
0.0005595382663124276
0.0005587801534252828
0.0005585033966671622
0.0005574443230912163
0.0005555385181208344
0.0005554248378071229
0.0005554163288375588
0.0005532873874367039
0.0005504520377048886
0.0005500840407719514
0.000547639463205806
0.0005465142038332387
0.0005448103984483401
0.0005436502770238408
0.0005415097574880377
0.0005374503487928766
0.0005373037548906173
0.0005371116198779263
0.0005356674653426763
0.0005350999308209748
0.0005344129984550894
0.0005343063006847592
0.0005331805660199363
0.0005318159031971179
0.0005308856954215407
0.0005301713883871197
0.0005277586969318973
0.0005268903335593592
0.0005260148712194948
0.0005245436861796682
0.0005234290857025099
0.000521428531859857
0.0005210134734735294
0.0005185920547461098
0.0005185883343232672
0.0005159821404966946
0.0005135448887020465
0.0005126480574927292
0.0005111913123999432
0.0005101738216474852
0.0005094164308357898
0.0005094030344037597
0.0005086053984792152
0.0005076422317634932
0.0005050995871902251
0.000503486102036355
0.0005028546988515075
0.0005017790631970089
0.000501086604311656
0.0005000656424305628
0.0004999230641429533
0.0004987566055790773
0.0004970818936148579
0.0004954694808557281
0.0004930598785107009
0.0004926964842282367
0.0004921684247459661
0.0004918090897151722
0.0004894924935106677
0.0004875284143043222
0.0004855747538911206
0.0004848279784263769
0.00048404939980538624
0.0004829998749446561
0.00048166096910793113
0.0004797605383480196
0.00047956732862962213
0.0004785412519185645
0.00047714673663341677
0.000475723820114219
0.0004755728752310828
0.00047523704218397364
0.00047330712867481946
0.0004727171636707063
0.0004724322552862548
0.0004718205839714915
0.000469258447361588
0.0004683082708027733
0.0004672782791270334
0.0004639933303657237
0.0004634326208645009
0.0004610013635982681
0.0004602293834303699
0.0004601637990695033
0.0004600770854914642
0.00045933516228648265
0.00045805826346659355
0.0004575532606570065
0.00045438899869977757
0.00045423639524038063
0.00045421566596583494
0.000454084824988239
0.00045327872770760505
0.00045311071032462443
0.00045310599135763507
0.0004514566425397346
0.0004502795071259324
0.00044964651610044287
0.0004490589704385893
0.0004464733614926192
0.0004461220546752871
0.00044491683896254685
0.0004428554510458108
0.00044265416330974236
0.00044237701942591686
0.0004422826502600058
0.00044091295802398903
0.00044025765535280365
0.0004393951948208502
0.0004377228107930731
0.00043707407386367003
0.00043670888808917274
0.000435671750145268
0.00043558765966311523
0.0004351879904879078
0.0004346859901756713
0.00043280851569109553
0.00043227289806983403
0.0004317227080034099
0.0004316074026758489
0.0004305309810912154
0.0004299141051356152
0.00042828669006372133
0.0004260254974716418
0.0004256732802048679
0.0004235343605831811
0.00042230652496131737
0.00042222760203021876
0.0004216390383692993
0.0004214889417586958
0.00042073948641710684
0.00042037023327569964
0.0004190197483031719
0.00041870304733097896
0.0004169522864630954
0.00041568173384908105
0.00041520489151495134
0.00041478169035706586
0.00041345530592799997
0.00041176385166509283
0.0004115039591630681
0.0004109146261822332
0.00041043255714641555
0.0004101527192584778
0.0004093773056463201
0.0004073807036907944
0.0004071258995677625
0.0004063965516567659
0.00040562157995804247
0.0004049301923568213
0.0004038096583307261
0.0004038018039895801
0.00040299506176062994
0.00040251038343637387
0.00040087953927281085
0.00039964188619859346
0.0003990552471949833
0.00039796779768825426
0.0003964157463130637
0.0003955744927148217
0.0003951859533815961
0.00039286329365249286
0.00039227871351423595
0.00039190212309756346
0.0003911702095749892
0.0003908271323096003
0.000390060800934346
0.0003900012460683443
0.00038985118847824286
0.0003892713851295528
0.0003885793692899422
0.00038779702573920667
0.0003861847762614815
0.00038510212718827707
0.00038427879537787993
0.00038312977256997697
0.00038293599997103674
0.0003822297319923964
0.0003817635014354711
0.00038117213262566885
0.0003792151849818875
0.0003780223176032384
0.00037755977719895897
0.0003770389707886107
0.0003758846957707942
0.0003750227051073273
0.00037481631213621974
0.0003733775357166794
0.0003730013690993607
0.00037266741229009185
0.000372132838730412
0.0003703984950961441
0.0003697187872439137
0.0003690984820405839
0.0003687506997693614
0.0003678297130856503
0.0003674406680308291
0.0003671921363247458
0.00036700744861234744
0.000365817442379666
0.0003655559919291714
0.00036395777060047903
0.00036328522049735695
0.0003617117440095119
0.0003609231291015913
0.00035978567375628264
0.00035873448953137744
0.00035820982986794613
0.0003575238108040492
0.0003563850739743569
0.0003557090165455346
0.0003556995580050366
0.00035531415515102405
0.0003551226231564735
0.00035492779504067636
0.00035458888530965835
0.000353888393110987
0.00035276958055274635
0.0003521169545219225
0.00035154721790883335
0.00035032098988175447
0.0003490890345897443
0.0003484348318865325
0.0003479674064072519
0.0003473240987762103
0.00034657242435048017
0.00034621157334744474
0.00034558449670386084
0.0003452770557154316
0.00034485960265151315
0.00034394813908337455
0.0003435643659743535
0.00034321662510574064
0.00034310082568644596
0.00034242904004220636
0.00034206168029785977
0.0003415800752469923
0.00034104067731399696
0.00034074516736719453
0.0003398646744788562
0.0003391787095689962
0.0003384036554476668
0.0003382107237875594
0.00033791359040430754
0.00033722121731610566
0.0003364743334424921
0.00033595631804856523
0.00033490565845847967
0.00033479334235226595
0.0003340974253333172
0.0003334931427980995
0.0003333131002759262
0.0003328109100064497
0.0003321520009731346
0.0003315373189797557
0.00033109143989428294
0.00032901691636371663
0.00032880867959196987
0.00032863466606373575
0.0003272771664563063
0.00032629550261125464
0.00032620726234039075
0.00032554801604014707
0.0003255129437934135
0.0003253275751532469
0.0003245219041288238
0.0003242515165974196
0.00032371852054321315
0.00032315580143497404
0.00032251207205627474
0.000322440458143123
0.0003222439868039842
0.0003217157437846278
0.0003213225579235624
0.0003210027841586688
0.00032041411999753164
0.00031843793829399743
0.00031717948298283716
0.00031703102209428436
0.0003163691017585798
0.0003154797773979007
0.00031537936070931665
0.00031487497726285255
0.00031461472319561234
0.0003143698240248314
0.0003136383077495329
0.0003130795063096756
0.0003122680519274189
0.00031192662153559217
0.00031104992555239784
0.00031018900861003537
0.0003100190836951564
0.0003090221719807734
0.0003082740755719026
0.0003082441610715743
0.0003079048661596419
0.0003074794619138557
0.0003067660066824666
0.0003060800178978491
0.0003053982742302628
0.00030507879365309834
0.0003049168910530091
0.00030381887191088314
0.00030336627137682564
0.00030312125020982134
0.000302872265639297
0.00030275380661019195
0.00030135578570586664
0.0003011202522971509
0.0003005010034871621
0.0002997738279421847
0.00029940934028041246
0.0002990146214151102
0.0002983945364571721
0.00029738480514226393
0.0002968325852428154
0.0002961455090761017
0.00029573996910632145
0.00029532854516415853
0.00029490154927600643
0.00029454807823530566
0.00029392871881048547
0.00029289178384149517
0.0002918291167972949
0.0002913296996042276
0.0002911218906975042
0.0002905031046691702
0.00029046864096802773
0.0002898420615914522
0.0002895936892223848
0.00028912350772709227
0.0002888708451049569
0.00028862157255934583
0.00028854586351779034
0.0002881842039328306
0.00028748117608856644
0.0002871278132912208
0.0002859990173253754
0.0002848887724359449
0.00028426377860862754
0.0002831121522470016
0.0002828634909116421
0.00028241035146331876
0.00028159916733042865
0.00028146034845803796
0.0002811322442100739
0.0002805468119908652
0.0002801378177795065
0.00027953486638784706
0.0002792042425229859
0.0002791017559140628
0.00027899312567722536
0.0002788815810706793
0.0002786636817511872
0.0002782703579539595
0.00027686132750096416
0.00027589995496135687
0.00027518119250915715
0.00027411090847300347
0.00027397760046738925
0.0002738663491112358
0.0002730961608741026
0.0002728873131675834
0.0002722785832640635
0.00027140129627213394
0.0002711288605604926
0.0002709631434960586
0.00027083274546187136
0.0002705974862194888
0.00027051110613074343
0.00027002060566465487
0.00026976437868082983
0.0002692557151767935
0.0002691434187647895
0.00026878073794802483
0.0002687075659226274
0.00026817895873656984
0.0002670859080109643
0.00026700476467294236
0.00026657431931789043
0.0002663481570035475
0.00026598644178753815
0.0002653087494844139
0.0002652295868958718
0.00026493982960694787
0.0002646714504488082
0.0002641337509800907
0.0002636278865817531
0.00026302674744773947
0.0002624847040563539
0.0002620594622196459
0.0002617937434365036
0.00026119308417807684
0.00026090055033189263
0.00026070772161449586
0.0002606405726785982
0.00025954306516039107
0.00025942127793694047
0.00025938095210349807
0.0002587998053711435
0.000257862320269355
0.0002576225766701921
0.00025744880184995825
0.0002570637033294262
0.00025625606145359114
0.0002560635872972843
0.00025578873494860253
0.0002552124315634978
0.00025514350750615016
0.00025507817959812007
0.0002549238816076571
0.00025467203202831127
0.0002542601467822722
0.0002539789826977574
0.0002534684136842705
0.00025263929348080973
0.00025211831859406906
0.00025193984298334536
0.000251348502370184
0.00025044505759856623
0.00024996190836334395
0.0002498586658368907
0.00024922369214422287
0.00024907481191824575
0.000248843462972715
0.00024854574547217376
0.00024792786719192574
0.00024756526162847593
0.00024715528614429504
0.0002467858446046485
0.00024655235729681825
0.0002458904650957807
0.0002457026011450324
0.0002456048842300704
0.0002454390805996425
0.0002452607420149379
0.0002444729034171131
0.00024379518695923902
0.00024373553007074345
0.00024357808582603553
0.00024302688948462522
0.00024260952772000172
0.00024217371032036412
0.00024171906897075675
0.00024162421762082941
0.00024090423840376655
0.00024044867910876397
0.00024026306164067713
0.0002396534922398703
0.0002394048576726867
0.00023932419888758158
0.00023866743096971014
0.00023830060758052495
0.0002377754197666956
0.0002373669993051288
0.00023720165939335595
0.0002366242001205131
0.00023632359512474975
0.00023596926696765904
0.00023586986713637815
0.00023576254381948322
0.00023554443586532682
0.0002354535161516073
0.00023497957875752505
0.00023429777900166267
0.00023315952495324134
0.00023262877922584305
0.00023232147104327528
0.00023214365937590382
0.0002314525758385324
0.00023136882631625213
0.00023091586177402266
0.0002307220087515831
0.00023068578686897601
0.00023045420558518828
0.00023007787307832863
0.00022970382525198542
0.0002293605577995129
0.00022916953344089187
0.0002287866610244025
0.00022869848184428834
0.00022868329874986592
0.00022821278978505757
0.0002279953278672228
0.00022670151038816036
0.00022607416800606513
0.00022594061471402005
0.00022569253895311566
0.00022549469760738215
0.0002250535340075108
0.00022437433156240162
0.00022425639405223406
0.00022351338925751164
0.0002231077130460679
0.00022259348346638532
0.00022235795949168384
0.00022200695127523734
0.0002219635635967261
0.00022169475667941466
0.0002216319653245444
0.00022149608555918304
0.00022115227901276915
0.00022085851051508191
0.00022031402029983914
0.0002199994226120736
0.00021991850067290764
0.00021911171671036054
0.00021890569683052718
0.00021818262618624457
0.0002179761446781425
0.00021727284532412677
0.00021710935559022323
0.00021690381169129234
0.00021667053616432363
0.00021651364068112495
0.00021609816305760758
0.00021565929908924313
0.0002152918288666791
0.00021505603020345474
0.00021466672923279087
0.00021454290386002987
0.0002141978793419449
0.000214084273741351
0.0002139367109573575
0.00021385189796197253
0.00021376129441131778
0.00021291156964062008
0.0002126259084822077
0.0002125410479665717
0.00021243407806358127
0.00021222894697789472
0.00021154806281281695
0.00021142407906755653
0.00021131521273922912
0.00021100369372788243
0.0002103918116002649
0.00021006807650302044
0.0002100570608609203
0.000209773211251909
0.0002094430607101729
0.00020858339069225888
0.00020852747661152744
0.00020847393658268904
0.00020822391007911203
0.00020800614278409602
0.0002079157787952826
0.00020777951533795311
0.00020751865212857194
0.00020733388096745434
0.00020730058877526682
0.00020699168223074118
0.00020674399772777777
0.00020609653713296643
0.00020572828323310152
0.00020535644115666596
0.0002052462989773345
0.00020509904182090095
0.00020464949265912993
0.00020447223543359878
0.00020380279770853738
0.0002037566738664853
0.0002035737556046637
0.00020329192196290994
0.0002028003681496457
0.0002027195324432627
0.00020230238350868172
0.00020206459615156253
0.00020186995938213504
0.000201775933370757
0.00020124786521886432
0.00020075768014194198
0.00020034840369290374
0.0002002458572552318
0.0002001996258082082
0.0001997182590144969
0.0001993736461493241
0.00019923875132950018
0.00019900198883230364
0.00019869305591725027
0.00019836664380901023
0.00019817527046892022
0.00019787501917641908
0.00019785566458263416
0.0001976820145412525
0.00019722148792968323
0.0001971747357451824
0.00019711369137392142
0.000196414542901239
0.00019620981365803497
0.00019566357237472604
0.00019549610578218293
0.00019489209358270048
0.0001947659163140553
0.00019462240365468504
0.00019448271014085172
0.00019418426341378462
0.00019384794221684264
0.00019366418286776143
0.0001932803442351209
0.00019318525371268158
0.00019287955594916788
0.0001927032623024331
0.0001922494137096904
0.00019211070704614497
0.00019142877158635503
0.00019137096924085905
0.00019121297544632195
0.0001911351596594457
0.00019065879524776392
0.00019028415251726342
0.0001900742697273736
0.00018987038920718452
0.00018970705340911953
0.00018936547585199744
0.00018929461411657178
0.0001890015423315391
0.00018862023706695214
0.00018857591476242972
0.00018838296339417313
0.0001878113458162044
0.00018746022645817616
0.00018711347111381965
0.00018692705855136656
0.00018657128115597615
0.0001864164139942979
0.00018585918263298087
0.00018571786553568797
0.00018555030880190975
0.00018535674504463218
0.0001852059619666175
0.00018491495686848972
0.00018483515523347056
0.000184351980586263
0.00018405760100482358
0.00018390160330287875
0.00018381633796369653
0.00018350590736174128
0.00018342339533516738
0.0001830705360936419
0.00018299621493300897
0.00018280786504170003
0.0001825661453922593
0.00018232385502901558
0.0001818609114653407
0.00018163514439568755
0.000181347757732534
0.000180536422859879
0.00018028564809018528
0.00018006539725529995
0.0001800555371987578
0.0001798008075672803
0.00017920775391621602
0.00017905905023125502
0.0001787833848281398
0.00017864041745865874
0.00017831100159054023
0.00017825577590371462
0.0001781166236554719
0.00017794511430604287
0.00017767006491897086
0.00017749802885654479
0.00017735822348658565
0.00017720145929894183
0.00017695455312680608
0.00017667545406354062
0.00017649290907215828
0.00017627777788409098
0.00017606034229015156
0.0001759663477563284
0.00017553520392544765
0.00017535839511218296
0.00017499439173749898
0.00017480559060595205
0.00017415054375981474
0.00017367777453451168
0.00017347735764137868
0.0001734175222121023
0.00017319133543366284
0.00017286349416459291
0.00017272962413159706
0.00017262705678706345
0.00017248214719713218
0.0001722019941951254
0.00017182390055950944
0.0001715293565456699
0.00017146039588610595
0.000171380739151829
0.0001713554513013128
0.00017114592371178665
0.00017112004522472026
0.00017079833960667592
0.00017056411700880857
0.00017023797962011802
0.0001701454428124009
0.0001699038184236387
0.00016970097344149937
0.00016955793798778692
0.00016935715298323057
0.00016934126911973777
0.0001692042899394234
0.00016914927191756757
0.0001690531330184541
0.00016843430413013158
0.00016838243089431254
0.00016803784023923494
0.00016794483023732876
0.00016776644373358307
0.00016757050694691798
0.0001675015373287816
0.00016736794932769311
0.00016699727606464884
0.0001669563161611814
0.00016676785758592449
0.0001665689572747486
0.00016650847796590492
0.00016621681413019364
0.00016602092522067567
0.00016597938234296744
0.00016540939421423896
0.0001652078599933213
0.0001650041361988014
0.00016477637950037616
0.0001646195841101783
0.0001643300686460943
0.00016386471691933504
0.0001634675760510809
0.0001634115498545053
0.0001632318797622226
0.0001631280431447772
0.0001631076370553534
0.0001630461855345858
0.00016291060822613861
0.00016287445690240878
0.00016266056270523803
0.00016227700525972043
0.00016219510402024211
0.00016195525106362134
0.00016188858266021866
0.0001617112135938665
0.00016167863974929649
0.00016126062879059163
0.00016118334660377288
0.00016104871610655964
0.0001604899318382442
0.00016035518452631805
0.00016008780791528255
0.0001598581062969156
0.00015966725991752262
0.00015939039222842718
0.00015926345370474268
0.0001590669897988104
0.00015899034905260555
0.00015877179911885362
0.0001585607276298822
0.0001583857642262705
0.00015812306051753066
0.00015806873605602218
0.00015806284825049883
0.00015744482237168588
0.000157349339385304
0.0001572265101417451
0.0001570190662896516
0.00015695464672114227
0.0001567120434221398
0.00015657816518832907
0.00015632034429172333
0.00015607157422156855
0.0001559311293421258
0.00015576095539912354
0.00015533958320360154
0.00015526258963688774
0.00015516143374652208
0.00015485630074904387
0.0001545980450804705
0.0001545388486399309
0.00015433981662173074
0.00015424200387414668
0.00015405878939429274
0.00015399777523930082
0.0001537914087565014
0.00015336503188224373
0.00015318490842235676
0.0001529932063772448
0.0001528122642647359
0.00015262972084614974
0.00015232416658155225
0.00015221031546135204
0.00015184530996798835
0.00015176008469104806
0.0001515657772875316
0.00015145971590576918
0.00015145413909135695
0.00015114829267744634
0.0001510375766292512
0.00015085759613652324
0.00015080103993451326
0.00015054070078358557
0.00015043342251443886
0.00015010846285483205
0.00014984331595075366
0.0001497930739112339
0.00014969230902575558
0.00014947153935310244
0.0001491921512757298
0.0001489062592667428
0.00014875240192259358
0.0001487420511684017
0.00014853677977819555
0.00014852124576102734
0.00014826946135906762
0.00014776718522420905
0.00014741013105217454
0.00014710985102283342
0.00014704511984188397
0.0001468950702881922
0.00014673909078574717
0.00014672511041146803
0.00014666319411383723
0.00014621752294880123
0.0001460194870675773
0.00014599035976321963
0.00014585735083525378
0.00014554404181838345
0.00014533469803988314
0.00014516858996459372
0.00014501123666279072
0.0001449678330187564
0.00014482666953345607
0.00014476373145257647
0.00014464728856786567
0.00014439383214647774
0.00014432989905415136
0.00014420480520175896
0.00014405382118643932
0.00014375187017705247
0.00014346141878229554
0.00014332332080075824
0.00014323981653858114
0.00014314461279685023
0.00014291630696006632
0.00014243316975804112
0.00014211573158649974
0.00014206755695755764
0.00014186585022186735
0.00014182089304960106
0.0001414705265400463
0.00014117866231103
0.00014099648313823198
0.00014085424794182036
0.0001407248099899032
0.0001405387396627994
0.00014037627700553114
0.00014033065050987392
0.00014008075033671228
0.00013988362206138376
0.00013981436350242194
0.00013981144192294075
0.0001396684632440012
0.0001394941634111574
0.00013931347928859225
0.00013917420023151157
0.00013909736767094816
0.00013890768249578714
0.00013889827851618514
0.00013876511551569806
0.00013861401380906176
0.00013859057705804115
0.00013850998310205065
0.0001382100799891301
0.0001379418474718919
0.00013793393797353141
0.0001376426703416006
0.0001374833639395005
0.00013727556167828672
0.00013718075737889797
0.0001370922152873898
0.00013696018117440967
0.00013675525340156323
0.00013665520957258792
0.0001365804269407313
0.00013647279404253764
0.00013642284292866123
0.0001361843067854099
0.00013606871909568142
0.000135845854158493
0.00013570865510197937
0.00013567461331216046
0.00013541040062960719
0.0001352185678232987
0.00013519068763618948
0.00013491321784067992
0.00013482205396332553
0.00013470807955674169
0.00013469238421810121
0.0001346003337762036
0.00013429448635610076
0.00013421616331889515
0.00013400219903900463
0.00013388818551875257
0.00013364012760611388
0.00013359345494279125
0.00013341254882194253
0.00013330042130886064
0.00013286944986215727
0.0001327717366027297
0.0001327432235294725
0.00013269458115275595
0.0001326506790841972
0.00013259228989065768
0.00013238179849569596
0.0001322913026386882
0.00013227044464131325
0.0001321480013501399
0.00013210551293405104
0.00013195995278062332
0.00013170855579362813
0.00013164556795738325
0.00013109075064252234
0.00013096856367016073
0.00013078559504223054
0.00013059320234716198
0.00013039002275077566
0.00013022216923179052
0.00013017026772199736
0.00013009511766280118
0.00012993015813213984
0.00012974404579776152
0.0001296099170803818
0.00012959498267509109
0.0001295541057705977
0.00012946405277143594
0.00012944858085474158
0.00012927037450709443
0.00012905906657161088
0.00012880013870193618
0.00012871201242509165
0.00012867472463076659
0.00012859233968866963
0.0001282247614237935
0.00012785213744334346
0.00012781358453194875
0.00012765712423751021
0.00012764385875230146
0.0001275672784593956
0.00012747279431865103
0.0001273953210643659
0.00012716208570911363
0.00012697310649895422
0.000126836368489214
0.00012681186750197114
0.00012662792567605244
0.0001262151245707686
0.00012620871953317688
0.0001261951163085822
0.00012617009739580222
0.0001259200527762537
0.0001257101286407367
0.00012542803649258922
0.0001253732977612896
0.000125260713555446
0.0001251746557765409
0.0001250686832210328
0.00012486297499699186
0.0001248408356778622
0.00012480997115310447
0.00012466349896054357
0.0001245917723074598
0.00012455960130368908
0.00012435506412914184
0.00012413980392554115
0.00012398663089013126
0.00012380036852240958
0.00012365493871490453
0.00012353488239351032
0.00012340585493981327
0.00012316571261408474
0.0001231010257157348
0.00012271268352272743
0.00012268566282656814
0.00012263065232497836
0.0001226265702248922
0.00012223920340031504
0.0001222102653194969
0.00012210785238889502
0.00012195437275108882
0.00012183798547456601
0.00012165987599761118
0.00012157722638222281
0.00012153153571117271
0.00012127652030646616
0.00012119981963601751
0.00012108911423158256
0.00012088200890188983
0.00012084870023385704
0.00012078074135876198
0.00012054025967198051
0.00012043899078688796
0.00012033993237951771
0.00012029134630646056
0.00012004663939190084
0.00011975093861604221
0.00011962233331240276
0.00011959939672361334
0.0001195136476810228
0.00011936090042712348
0.00011934180145082359
0.00011922605774634278
0.0001191029828441942
0.00011900207623242646
0.00011888040470248588
0.0001188113809057508
0.00011876796679267281
0.0001186315295552117
0.0001184873859334117
0.00011818461489420427
0.00011808275875019421
0.0001179222317219066
0.00011754949254959461
0.00011738122069341648
0.00011732022525686128
0.00011716293982236413
0.0001170533426995964
0.00011687412427595435
0.00011672763886055538
0.00011667158990801676
0.00011659671889639592
0.00011646887007234399
0.00011624511830580429
0.00011620196964735725
0.0001161737179089448
0.0001160877123380549
0.00011600435857065045
0.00011573271317123216
0.0001157165590021213
0.000115549023091928
0.00011542873458551531
0.00011533771307693625
0.00011523802838366396
0.000115176497603882
0.0001150498783429255
0.00011495005300580346
0.00011482221994465253
0.00011473107720139194
0.00011450479927972239
0.00011440967425841444
0.00011425983374903081
0.00011415263801265893
0.00011397375869807126
0.00011378125283219377
0.00011371230017329931
0.00011356449773324022
0.00011347120594684816
0.00011343320145097378
0.00011335729675896631
0.00011326025110032796
0.00011320124368396288
0.00011301135654696457
0.00011294924983374955
0.00011286419583503917
0.00011279738104153346
0.00011266041023510859
0.00011262133681961455
0.0001124464709148333
0.00011240079846943289
0.00011235478494293566
0.00011216766310902445
0.00011215026814454185
0.0001121048036533484
0.00011194711078104485
0.00011164254178910516
0.00011161611322566169
0.00011147412317852177
0.00011146080744585987
0.00011127324255268554
0.00011115690921333612
0.00011113139099297362
0.00011108914383410286
0.00011094208975300339
0.00011089792852134603
0.00011079496882635562
0.00011060628567294524
0.00011059512780946807
0.00011053550862111603
0.00011043757484311133
0.00011029285680120081
0.00011020631224789184
0.0001100056043785603
0.00010996122322403718
0.00010980016095453875
0.00010973601749123603
0.0001095865643880773
0.00010951604917198078
0.00010946395680345765
0.00010918635021065214
0.00010912641983355628
0.00010900917924267412
0.0001089744615789582
0.00010896710250512208
0.00010891238785122691
0.00010890442210930092
0.00010858249755811947
0.00010841440918727316
0.0001082785631438787
0.00010827196913084837
0.00010815280807090201
0.00010813475120883258
0.00010787823853003809
0.0001077804844782678
0.00010772438975015904
0.00010763756109980763
0.00010753014235073235
0.00010732577168286444
0.00010721790556134332
0.00010713972223182578
0.00010712616105069846
0.00010695681479050495
0.00010692985290351194
0.00010662862434900899
0.00010660671240728333
0.00010652049318556893
0.00010646412274515236
0.00010637546877723706
0.00010632057106128421
0.00010623810202798888
0.00010614719664323227
0.0001059874965036734
0.00010589824967952561
0.00010562714363723387
0.00010559163544713133
0.0001055660731692915
0.00010554247620406495
0.00010523711435396406
0.00010522971532171621
0.00010519996196320716
0.00010510496369720597
0.00010503327280317176
0.00010479913698454241
0.0001046314743449485
0.00010457574750012852
0.00010449773633895185
0.00010443754373640814
0.00010439666047381612
0.00010422968533385508
0.00010413000506009876
0.00010405745649790118
0.00010400005646655648
0.00010374546807059687
0.00010369583576597475
0.00010351942380641345
0.00010347432322797937
0.00010343252826117285
0.00010331658064434506
0.00010325781201338233
0.00010307546481192045
0.00010301514731681013
0.00010295486100713613
0.00010278600389850808
0.00010277904721537476
0.00010272294986571585
0.00010255631713969219
0.00010239904747396929
0.00010232020324503277
0.00010217880640412231
0.00010204013369337726
0.0001019210237122103
0.00010187814217957403
0.00010176724768330064
0.00010159779974838452
0.00010152036349064088
0.00010136295125928599
0.00010131854030389784
0.00010117754479054362
0.00010111962217005622
0.00010105970792485686
0.00010099806669188422
0.00010075777641831163
0.00010072704097116521
0.00010068222708065354
0.00010066315717293307
0.00010060714228911969
0.00010054518348260237
0.00010037892972886979
0.00010035647465967193
0.00010031064821562506
0.0001001322692856627
0.00010004013472569331
9.982755350976731e-05
9.964915136254963e-05
9.951932269222188e-05
9.950759101286715e-05
9.946772760782635e-05
9.944872675234145e-05
9.933498564088066e-05
9.92607188633746e-05
9.918757300320375e-05
9.900445363528727e-05
9.882744662528434e-05
9.870044611318364e-05
9.859935750357958e-05
9.844350571273374e-05
9.839094133089974e-05
9.836287056369754e-05
9.832239353133314e-05
9.81579266997842e-05
9.808001952284525e-05
9.803552139514794e-05
9.778625320218269e-05
9.767829696837457e-05
9.761977150829807e-05
9.757336223264368e-05
9.741873968045395e-05
9.739729355666714e-05
9.732412455770746e-05
9.732328056829294e-05
9.723603887794977e-05
9.709798970544537e-05
9.70454787279104e-05
9.693873672603686e-05
9.686632332733958e-05
9.654701799517213e-05
9.64604997442425e-05
9.637204447284891e-05
9.63606440946326e-05
9.633655872575309e-05
9.612945053513067e-05
9.610712338407595e-05
9.60122025900526e-05
9.594630828204511e-05
9.58448290097932e-05
9.575541265148353e-05
9.57179554308714e-05
9.569792982554294e-05
9.552926270400697e-05
9.546801783328448e-05
9.540964614400356e-05
9.533931023106987e-05
9.516131447423674e-05
9.507885456956594e-05
9.498747730749495e-05
9.480137354409575e-05
9.476050689931508e-05
9.452198512520672e-05
9.451242703252442e-05
9.448411182192829e-05
9.432862819829289e-05
9.425025370784887e-05
9.410803075430794e-05
9.399366749606899e-05
9.397955699795624e-05
9.39108356142108e-05
9.383473561271417e-05
9.381509470325749e-05
9.373447813508584e-05
9.369395033336638e-05
9.360804643334289e-05
9.349425351126222e-05
9.337708746360778e-05
9.336597244883939e-05
9.32837828796456e-05
9.326861234783035e-05
9.325249765501593e-05
9.324195369467625e-05
9.3088733495344e-05
9.299746417494301e-05
9.29840076916846e-05
9.284771381155248e-05
9.273009078953969e-05
9.266320835982259e-05
9.261396937932151e-05
9.260670639369179e-05
9.258278146559407e-05
9.246324052155794e-05
9.225756213582587e-05
9.209870398568458e-05
9.20861908153402e-05
9.19955009900874e-05
9.188664231957487e-05
9.185391566703104e-05
9.18027384204977e-05
9.176644047847028e-05
9.169549494163022e-05
9.169147379005797e-05
9.15855077892788e-05
9.151189317168502e-05
9.142573431310202e-05
9.13834103175539e-05
9.13152438281379e-05
9.117599905717913e-05
9.11627574280425e-05
9.11159849642082e-05
9.109542142885287e-05
9.10142220597907e-05
9.090912346340911e-05
9.064089424088493e-05
9.058699459583943e-05
9.049914150786696e-05
9.033811664523002e-05
9.033467180666872e-05
9.031370321700116e-05
9.028219425190593e-05
9.023483460690975e-05
9.010736504463144e-05
8.999994908224449e-05
8.992150052344013e-05
8.978784568582233e-05
8.97150393532882e-05
8.963878224222295e-05
8.942456227481373e-05
8.942036294835333e-05
8.935987739635423e-05
8.931327943255773e-05
8.920035365741379e-05
8.91557196567472e-05
8.90603607955457e-05
8.897909245003288e-05
8.89166540062108e-05
8.89138316945648e-05
8.880001785632219e-05
8.871632472269427e-05
8.869921900968449e-05
8.864361938449957e-05
8.857682936117983e-05
8.850991733440224e-05
8.84843005750816e-05
8.841143458686304e-05
8.839824896623668e-05
8.830205409850769e-05
8.806057103466715e-05
8.804694631151712e-05
8.799203232559517e-05
8.798411964938559e-05
8.779599715463139e-05
8.775270535222485e-05
8.759786969803974e-05
8.746060148556976e-05
8.74483071918384e-05
8.739615622443748e-05
8.736035978478452e-05
8.729950738981071e-05
8.717622999258672e-05
8.707147238753922e-05
8.706813298075789e-05
8.698898132111888e-05
8.682871940580288e-05
8.675401809715579e-05
8.654427146113896e-05
8.652622840781754e-05
8.645548745481826e-05
8.642610947362197e-05
8.641669021657104e-05
8.637261143203345e-05
8.624452866196808e-05
8.615590824656718e-05
8.607608253696086e-05
8.603202223515463e-05
8.585407271936141e-05
8.584432311768335e-05
8.569830036226852e-05
8.569744673522397e-05
8.568624861322386e-05
8.558973381766857e-05
8.549204135524372e-05
8.542280627627861e-05
8.530678940946752e-05
8.520308378755071e-05
8.518026235418872e-05
8.511452808258753e-05
8.510009109337065e-05
8.502885769877677e-05
8.495040228784353e-05
8.488170339052257e-05
8.485237108230554e-05
8.470318940876041e-05
8.461509194399433e-05
8.456079540427119e-05
8.446886311401153e-05
8.442493404467413e-05
8.437087563255776e-05
8.413943772280223e-05
8.411860578812674e-05
8.4081048170478e-05
8.397305478057534e-05
8.393107289420998e-05
8.390052588332588e-05
8.383373681299572e-05
8.377039775472657e-05
8.365234657375414e-05
8.36416556738538e-05
8.357198336086664e-05
8.335686287017424e-05
8.334329473359904e-05
8.328239537703e-05
8.3245991383279e-05
8.32071127218974e-05
8.31933078602554e-05
8.30555332033945e-05
8.2966220082958e-05
8.281719947978255e-05
8.265474813869055e-05
8.2623079286388e-05
8.248330892959254e-05
8.241555197093618e-05
8.231435311375147e-05
8.227141337597363e-05
8.223051516990186e-05
8.219268493615603e-05
8.215553185655607e-05
8.21523900351371e-05
8.20958708740413e-05
8.204723081025994e-05
8.198468180169032e-05
8.193972388292409e-05
8.185221580087644e-05
8.16991514934579e-05
8.162703778697342e-05
8.155176779471408e-05
8.1502377841096e-05
8.141870504740188e-05
8.137333515686296e-05
8.133356885212773e-05
8.129091083389897e-05
8.12025791672494e-05
8.10556712800802e-05
8.103820709250667e-05
8.089019266196493e-05
8.083485725341698e-05
8.077792958251902e-05
8.069029004611129e-05
8.050738015841508e-05
8.046948478902937e-05
8.042762063317465e-05
8.038329059339793e-05
8.037197813404555e-05
8.029661509968938e-05
8.025377521360826e-05
8.017928051454004e-05
8.011896203812249e-05
7.991308585608832e-05
7.988009660463926e-05
7.985275839668725e-05
7.978990465801712e-05
7.972440954681105e-05
7.967096664912973e-05
7.960786508949356e-05
7.955926049069331e-05
7.94831615898606e-05
7.947120293652238e-05
7.940362773559515e-05
7.936714228614265e-05
7.919658597566048e-05
7.913451098321466e-05
7.893947320923243e-05
7.890095928130322e-05
7.87863351272128e-05
7.87660056537725e-05
7.872278252644857e-05
7.861214232394871e-05
7.856902099841683e-05
7.851581538748583e-05
7.843878560076699e-05
7.841321657562436e-05
7.83861196901018e-05
7.836484202847331e-05
7.82118333290641e-05
7.820314458780916e-05
7.816007103621465e-05
7.813494332939955e-05
7.80416968469285e-05
7.799664935698308e-05
7.796613811552579e-05
7.790432596985383e-05
7.785262445192452e-05
7.777778955665387e-05
7.775379315845019e-05
7.762648592006596e-05
7.755729415974664e-05
7.754455904989504e-05
7.752014591821718e-05
7.744610734569972e-05
7.74404296671437e-05
7.737063012293845e-05
7.726814653139764e-05
7.724449269155324e-05
7.717420148273638e-05
7.715604021086706e-05
7.71418497681852e-05
7.70904853127673e-05
7.704926302159269e-05
7.7008236224934e-05
7.690039474954016e-05
7.678598734627535e-05
7.664500862779505e-05
7.66412069813164e-05
7.653536240310463e-05
7.651949831695248e-05
7.649274092125948e-05
7.646996682409975e-05
7.638663007549534e-05
7.637401984381633e-05
7.633278807285131e-05
7.626893176393544e-05
7.624011677365208e-05
7.610678264221486e-05
7.602483000675591e-05
7.587608832832813e-05
7.581377861348802e-05
7.577914556087025e-05
7.575122567341164e-05
7.562533510297828e-05
7.558539282926722e-05
7.551564013901712e-05
7.547091876852442e-05
7.546680041769438e-05
7.541136249144584e-05
7.530014662523794e-05
7.527234521346892e-05
7.518008085108629e-05
7.513381561134928e-05
7.512530722961284e-05
7.503785033849332e-05
7.50013175556759e-05
7.496459172706334e-05
7.48559419477759e-05
7.482792329820497e-05
7.481396289870575e-05
7.477138253471447e-05
7.465015353074003e-05
7.462499061227721e-05
7.461046495947777e-05
7.460081424966564e-05
7.453501621084006e-05
7.446305112553212e-05
7.440724547995038e-05
7.438625810591154e-05
7.429448890610342e-05
7.424976202333567e-05
7.417489417678092e-05
7.40998528794008e-05
7.408877880409223e-05
7.404127215628001e-05
7.39559818928874e-05
7.391733982501422e-05
7.376942279270528e-05
7.367820964627784e-05
7.364754925599214e-05
7.357493732896845e-05
7.352194714979703e-05
7.34180733756142e-05
7.33419110422174e-05
7.32812094572896e-05
7.322257071042533e-05
7.319906309991165e-05
7.307206009653777e-05
7.297469629915322e-05
7.289015430052252e-05
7.287405394569522e-05
7.286542189280785e-05
7.280398705373589e-05
7.274892221007872e-05
7.273425252832166e-05
7.273232773627976e-05
7.268300450026653e-05
7.265706007093825e-05
7.255670149237939e-05
7.2555510449927e-05
7.245321524518807e-05
7.240858167226515e-05
7.232889260510402e-05
7.232513617170874e-05
7.225982851403658e-05
7.22221565378927e-05
7.214685994523565e-05
7.208227042636219e-05
7.203554312049531e-05
7.189975445347559e-05
7.188801681487335e-05
7.185924596836565e-05
7.181583094601199e-05
7.176969019155214e-05
7.174455352556151e-05
7.17224371989484e-05
7.165656371832569e-05
7.156540556346157e-05
7.153933486664241e-05
7.139663170990729e-05
7.137093730858706e-05
7.132265501266839e-05
7.125057118700398e-05
7.109220713135149e-05
7.107456594652378e-05
7.0929369779264e-05
7.090168799535519e-05
7.089845281941175e-05
7.082173489167334e-05
7.072348829745384e-05
7.06685032016231e-05
7.065873664041298e-05
7.06303050784135e-05
7.061884084497802e-05
7.056321332784148e-05
7.054704686999312e-05
7.052453694738459e-05
7.037325117168954e-05
7.034961920291897e-05
7.033591888565447e-05
7.026487075673079e-05
7.020661933754074e-05
7.013418007814356e-05
7.011765988013349e-05
7.000848448825741e-05
6.995720236812715e-05
6.989538022387548e-05
6.986278303618434e-05
6.985016099611072e-05
6.968048079687426e-05
6.963229669211811e-05
6.960523732078817e-05
6.952426981392865e-05
6.948540149340677e-05
6.939639264475374e-05
6.935146254110475e-05
6.92414465239352e-05
6.92355640043461e-05
6.91891129228363e-05
6.917907299619761e-05
6.914667371052478e-05
6.913179022825161e-05
6.905162756492147e-05
6.901052427338469e-05
6.899658007134363e-05
6.897706190725272e-05
6.88565117665527e-05
6.885043577924978e-05
6.882509614532111e-05
6.877090748441436e-05
6.865263494923831e-05
6.859923438373166e-05
6.850755315972713e-05
6.850045775647072e-05
6.84402022654991e-05
6.834476467976318e-05
6.828095788669805e-05
6.825187385867908e-05
6.810732881455718e-05
6.802030543470683e-05
6.799339283675451e-05
6.798698766126756e-05
6.793264426604921e-05
6.787978757208244e-05
6.78295288677003e-05
6.778242444058462e-05
6.771381507970712e-05
6.765447513101613e-05
6.7616699786698e-05
6.759815104148096e-05
6.754876388847377e-05
6.754063199790211e-05
6.748431973775857e-05
6.747048948018481e-05
6.732735718596077e-05
6.732092458537331e-05
6.72134306052612e-05
6.717533720814115e-05
6.717176549463887e-05
6.709590220038206e-05
6.705268678894151e-05
6.702594112510373e-05
6.691365499303648e-05
6.676847258659012e-05
6.669235068865585e-05
6.667998498941974e-05
6.66564074360032e-05
6.662321838693191e-05
6.657179554263433e-05
6.655264719328096e-05
6.653283412010551e-05
6.646191823611853e-05
6.643050926776453e-05
6.63796918054908e-05
6.627977256896218e-05
6.623872603951174e-05
6.616433886115364e-05
6.615504020697472e-05
6.61437120503338e-05
6.61128257269843e-05
6.602499115799912e-05
6.595417143691851e-05
6.59393714358087e-05
6.585125148015556e-05
6.575391879380091e-05
6.57199181029135e-05
6.571358351052593e-05
6.570372252360245e-05
6.566949754236443e-05
6.565350872637994e-05
6.554650815346517e-05
6.545842233949195e-05
6.545551284076442e-05
6.54343880699731e-05
6.5428612192776e-05
6.537199181474862e-05
6.537028535703038e-05
6.533465962671933e-05
6.52661042625873e-05
6.52034387825333e-05
6.519871108631614e-05
6.515388226095215e-05
6.508009757947214e-05
6.499198777897072e-05
6.497964844243508e-05
6.493546980281335e-05
6.485945011778801e-05
6.483977759983163e-05
6.482237212075096e-05
6.478913181355514e-05
6.470266731623006e-05
6.466553403067464e-05
6.465480151005953e-05
6.463199233024117e-05
6.458842475012162e-05
6.449140706361277e-05
6.448105536192031e-05
6.443075638983686e-05
6.43795371457909e-05
6.4363398982688e-05
6.420437102952648e-05
6.418097666033404e-05
6.411800077019384e-05
6.409283043813852e-05
6.40456608097121e-05
6.399715536462094e-05
6.398443423867174e-05
6.394334428857894e-05
6.390726857705907e-05
6.384956319347342e-05
6.379760555049665e-05
6.376375576512977e-05
6.371247362644564e-05
6.36571659010211e-05
6.36240924894044e-05
6.361215545511063e-05
6.361082611179403e-05
6.36041635227912e-05
6.3580605671102e-05
6.35776483257441e-05
6.356852536408423e-05
6.349232358524326e-05
6.337697667717567e-05
6.337186041563726e-05
6.327860617448546e-05
6.318422297019526e-05
6.314086661660589e-05
6.312223199792361e-05
6.30307375711801e-05
6.302191099598845e-05
6.294657772112055e-05
6.29412689077865e-05
6.289147624528808e-05
6.284791490699622e-05
6.276837441889464e-05
6.274238622974827e-05
6.269386449716068e-05
6.263144032089298e-05
6.256825353472952e-05
6.256244599576558e-05
6.254961286615668e-05
6.248573155803847e-05
6.246620474207699e-05
6.240427227414837e-05
6.236197155926144e-05
6.22851359795001e-05
6.22195148421358e-05
6.220833362062732e-05
6.212071967891978e-05
6.210894272422485e-05
6.204053504410881e-05
6.195314213282483e-05
6.189448786261494e-05
6.186662124532053e-05
6.185130675475316e-05
6.179052372997919e-05
6.175604662506817e-05
6.175498487476392e-05
6.171272369708732e-05
6.166143647226238e-05
6.165767188942719e-05
6.161460794711566e-05
6.157818499305858e-05
6.153084369983199e-05
6.147854572249955e-05
6.141643757479706e-05
6.138234957836497e-05
6.135006939438489e-05
6.13387919651663e-05
6.128031792793332e-05
6.127777616287502e-05
6.124142245063214e-05
6.12015444045906e-05
6.1162997334818e-05
6.114951996443866e-05
6.11385421090708e-05
6.107538142798889e-05
6.100502344171486e-05
6.094603875879529e-05
6.087949317116357e-05
6.079720035843029e-05
6.0774314902904084e-05
6.0763834707574396e-05
6.067390999511707e-05
6.060765689540953e-05
6.052451158666547e-05
6.04283662251917e-05
6.035721864017852e-05
6.034917757740557e-05
6.032782235815835e-05
6.0313387148162734e-05
6.0244046713908635e-05
6.022969189960501e-05
6.0176016170184117e-05
6.012731999517891e-05
6.008061051398569e-05
6.008018295576752e-05
6.004102643939942e-05
5.9968745132379896e-05
5.996035838352419e-05
5.994673780022752e-05
5.9920128957002366e-05
5.9887190197646984e-05
5.983370192347064e-05
5.980919125249249e-05
5.976182203159888e-05
5.971363272074394e-05
5.9678687195653965e-05
5.9663663126615096e-05
5.9614348690545725e-05
5.947923664276631e-05
5.9420027081328964e-05
5.941328458619593e-05
5.940377544777618e-05
5.939599340928689e-05
5.929603175282919e-05
5.920288050784542e-05
5.917385272832613e-05
5.914250605351647e-05
5.9134954246072764e-05
5.907514100715527e-05
5.9052987322709324e-05
5.901051183027692e-05
5.899054259456434e-05
5.8951898419848775e-05
5.8928202194550296e-05
5.889313366096934e-05
5.8829449335386534e-05
5.873888042548353e-05
5.8702915023279885e-05
5.869961928731362e-05
5.862976091223961e-05
5.860959423120919e-05
5.858066224021745e-05
5.855228821967384e-05
5.855153300503905e-05
5.848776546876848e-05
5.839445705668597e-05
5.8364048060497414e-05
5.834473453770839e-05
5.828253856699469e-05
5.8226422435954e-05
5.8177264081944926e-05
5.8140131425353086e-05
5.811403194989005e-05
5.806468945195153e-05
5.797898835517887e-05
5.7947637216680476e-05
5.791446513423095e-05
5.787080889025137e-05
5.786902822602314e-05
5.7845236138932904e-05
5.778254604024662e-05
5.7732889073029826e-05
5.7724724766010247e-05
5.767448715653871e-05
5.7652297671255005e-05
5.762108358996117e-05
5.7585383637279406e-05
5.747370210209272e-05
5.739811626807196e-05
5.73765800040334e-05
5.732997600694607e-05
5.728216188008551e-05
5.721094964681354e-05
5.7190918993370226e-05
5.715927780951124e-05
5.71352033550138e-05
5.712461657654759e-05
5.707023404749658e-05
5.70602569725325e-05
5.7010954993300305e-05
5.696628679289112e-05
5.694121306921989e-05
5.692591017302682e-05
5.69120650274878e-05
5.6901224223608576e-05
5.685021931904648e-05
5.681426360607499e-05
5.68016558937299e-05
5.678120782534335e-05
5.6708189328944103e-05
5.667818057795044e-05
5.657367863240078e-05
5.655847739113972e-05
5.655702136562101e-05
5.642963516029973e-05
5.634762814524089e-05
5.632594501068592e-05
5.626939963357e-05
5.6223951118460656e-05
5.620583558453658e-05
5.616106573946737e-05
5.6107831537846524e-05
5.608770569258621e-05
5.6028849913070043e-05
5.601613711331489e-05
5.6005366429671264e-05
5.597809502485918e-05
5.5906402598422126e-05
5.586331924504045e-05
5.583892551834358e-05
5.578030999309297e-05
5.5740602612903315e-05
5.573788331482519e-05
5.57097112044219e-05
5.567291319865921e-05
5.5645642335624564e-05
5.561934003152279e-05
5.559048951103531e-05
5.5571977560626754e-05
5.5531684931043076e-05
5.550011762705153e-05
5.544257089902432e-05
5.541467066924979e-05
5.540009351047825e-05
5.539896169873503e-05
5.535938813669056e-05
5.532854421210605e-05
5.52627322616365e-05
5.524795015273105e-05
5.5217798645676464e-05
5.520476569821894e-05
5.505768346764534e-05
5.504396732290982e-05
5.503324067642509e-05
5.5019481970092406e-05
5.5003257357058775e-05
5.4997739246350165e-05
5.494890912914099e-05
5.492267759028663e-05
5.491786382652196e-05
5.487608149560955e-05
5.4843202240607524e-05
5.482175941188607e-05
5.475084940610338e-05
5.472934828071483e-05
5.471512068273282e-05
5.4703936090825664e-05
5.465619576095482e-05
5.4617935776416224e-05
5.459911358896472e-05
5.4557085288156515e-05
5.4536601778312695e-05
5.452061578695833e-05
5.447960187971804e-05
5.4413651408302e-05
5.434665475673581e-05
5.43110806411306e-05
5.429457110225105e-05
5.423750406735717e-05
5.41885594032327e-05
5.418422377168533e-05
5.411313847853992e-05
5.4099353116015566e-05
5.4070716361328014e-05
5.404549762096811e-05
5.397205935509646e-05
5.3962831488318156e-05
5.392610467422416e-05
5.39198265319604e-05
5.389907598852747e-05
5.386701095286355e-05
5.385352816302347e-05
5.3808060914599384e-05
5.379051733883163e-05
5.3782477473706746e-05
5.37607214413775e-05
5.37385482349065e-05
5.37083659180881e-05
5.3605872869383976e-05
5.3535253186006376e-05
5.35159247354053e-05
5.3480196868238464e-05
5.341346512920385e-05
5.340051340218157e-05
5.33968571267684e-05
5.338188648251786e-05
5.3288722501226777e-05
5.327442461546734e-05
5.318980576733482e-05
5.315827777340124e-05
5.313570652106843e-05
5.310071510137106e-05
5.3066931012873244e-05
5.305004326312665e-05
5.3036803613145495e-05
5.301802237209718e-05
5.299891513211394e-05
5.2957272288612564e-05
5.291940800170006e-05
5.291411242170455e-05
5.2892983217807824e-05
5.283112359761936e-05
5.281518543859246e-05
5.278867243618904e-05
5.274796745096986e-05
5.2631014055145026e-05
5.2610860219710824e-05
5.259523012807184e-05
5.2572037809382054e-05
5.2571501557934516e-05
5.2564111992158365e-05
5.250906519780505e-05
5.247793505230086e-05
5.2461600462119166e-05
5.2443995131588406e-05
5.2399418218815554e-05
5.2366652410884654e-05
5.235602836580641e-05
5.226137825351426e-05
5.223139277833056e-05
5.2206172352030686e-05
5.2176891654096955e-05
5.2123603973596785e-05
5.2106087382474234e-05
5.207779925297904e-05
5.205183124632126e-05
5.200643158685557e-05
5.1940481270125946e-05
5.1922226597694596e-05
5.1911318190611735e-05
5.189185519409328e-05
5.186427644477393e-05
5.1777460752664255e-05
5.1699590187440824e-05
5.16961568887553e-05
5.167730750287079e-05
5.1641662187950905e-05
5.158783347614973e-05
5.15617220313468e-05
5.1553307618631874e-05
5.1541695343796675e-05
5.153208549435866e-05
5.144795056580928e-05
5.138285639806345e-05
5.135554820401633e-05
5.134183722092844e-05
5.131762797584044e-05
5.1288873374381904e-05
5.125521964888639e-05
5.118565383262793e-05
5.112296136096473e-05
5.11125347819061e-05
5.108956644855837e-05
5.107396455054632e-05
5.106024912408821e-05
5.1050499890263624e-05
5.103747451352586e-05
5.101774987392029e-05
5.099161810549807e-05
5.098353418852051e-05
5.0968021388811014e-05
5.0917083663187185e-05
5.0852587928188115e-05
5.083316581298437e-05
5.0806559311023285e-05
5.0779247539418335e-05
5.0742784574180055e-05
5.069461829158191e-05
5.0674565844754464e-05
5.061590926404388e-05
5.057573504270088e-05
5.054006458448506e-05
5.0514300374612944e-05
5.0480301125039384e-05
5.048014591738764e-05
5.043383777243105e-05
5.0400730066819396e-05
5.033083508916408e-05
5.0278457768923376e-05
5.024797368094425e-05
5.024163617271596e-05
5.016924666067203e-05
5.0132293578124796e-05
5.012875755343475e-05
5.011724058608131e-05
5.0107064200790436e-05
5.0066234720171195e-05
5.000279253914775e-05
4.998239182683798e-05
4.99524961816217e-05
4.992564112859806e-05
4.9910430514941806e-05
4.989392817667137e-05
4.984806009202147e-05
4.980552782754682e-05
4.9752241274642966e-05
4.974153823040494e-05
4.972416893138583e-05
4.9680981242082466e-05
4.964673845872416e-05
4.962109175509054e-05
4.960765730053599e-05
4.9574456297679176e-05
4.955170772825367e-05
4.952006570421698e-05
4.945693263137477e-05
4.939813655458986e-05
4.9389163348256516e-05
4.932517145699133e-05
4.9303755739681534e-05
4.927169161236263e-05
4.9256227949801935e-05
4.923809359850442e-05
4.9185896781065955e-05
4.913293972674186e-05
4.9106508563108605e-05
4.9085356203745985e-05
4.90566906883528e-05
4.90321001752408e-05
4.90302588408412e-05
4.9001491035165024e-05
4.897816550436754e-05
4.897232351279216e-05
4.891444404725069e-05
4.891161282413847e-05
4.884929463920573e-05
4.8841079557104545e-05
4.883380812105057e-05
4.879383739719565e-05
4.878773369152846e-05
4.8753049380787313e-05
4.874052367191259e-05
4.869704100944153e-05
4.864475329258922e-05
4.8579308668681926e-05
4.856638705729559e-05
4.848299707611285e-05
4.8461877000480994e-05
4.845902015627919e-05
4.840311028762305e-05
4.83490740305576e-05
4.834299660142473e-05
4.829187499149603e-05
4.827931404837671e-05
4.825652185470888e-05
4.822023955714775e-05
4.8193189508422e-05
4.8130801887919335e-05
4.809532245630773e-05
4.804633977386076e-05
4.8042279925029864e-05
4.804015991218438e-05
4.803359218747279e-05
4.801792158007081e-05
4.795724495976164e-05
4.792642963059364e-05
4.790880966193175e-05
4.784125412340174e-05
4.780665498704194e-05
4.778726401812607e-05
4.777443719413891e-05
4.775349395424715e-05
4.7711860647728206e-05
4.767623703926394e-05
4.760738169744253e-05
4.75971080254623e-05
4.7595399887160685e-05
4.755669619956706e-05
4.755534440314533e-05
4.753903549716649e-05
4.751436146059967e-05
4.7483187331529615e-05
4.7456238009947716e-05
4.7426414440202564e-05
4.7415267803053495e-05
4.739537552241114e-05
4.73618524349932e-05
4.7357692166383455e-05
4.7324333307305695e-05
4.731673340301601e-05
4.728087054130696e-05
4.7269213685844556e-05
4.722930570876854e-05
4.72215227178821e-05
4.716620920598469e-05
4.7146733554995236e-05
4.713213479425639e-05
4.708291895680787e-05
4.707626817777719e-05
4.707297461839167e-05
4.702788948936715e-05
4.699819653630121e-05
4.698438086184479e-05
4.696019302109583e-05
4.6936647709336326e-05
4.693115059179482e-05
4.6879806922581857e-05
4.6816974879071404e-05
4.679416059412899e-05
4.676602677891139e-05
4.675465166036737e-05
4.668845051576479e-05
4.6664842404975724e-05
4.664107145166705e-05
4.66291133900387e-05
4.6592231881102546e-05
4.6581831354269206e-05
4.655305688944137e-05
4.6551384599578566e-05
4.651857056531067e-05
4.651405268131594e-05
4.6507690951418104e-05
4.643573653760415e-05
4.6393620087749676e-05
4.6374182990554445e-05
4.6366441384286796e-05
4.6365811363538626e-05
4.634754085228617e-05
4.633329052298972e-05
4.624936996123286e-05
4.62225978580861e-05
4.6195632136071767e-05
4.618077060683565e-05
4.615293311552649e-05
4.614808360789076e-05
4.609591565927767e-05
4.6070307844719935e-05
4.606092387169618e-05
4.6046178151062166e-05
4.603507670230536e-05
4.599824542700104e-05
4.597342583646788e-05
4.5952517295985205e-05
4.593838149525483e-05
4.5908808465545474e-05
4.588370744617636e-05
4.586193276454964e-05
4.584989319055503e-05
4.579676818858517e-05
4.5767857704181886e-05
4.57495921798019e-05
4.5697504222757256e-05
4.565959536014783e-05
4.563341068734783e-05
4.5597723961902455e-05
4.558690133909942e-05
4.556035527247618e-05
4.5527186438157196e-05
4.551592040850206e-05
4.5499070597770176e-05
4.548151190183824e-05
4.5463492495176864e-05
4.541613609258083e-05
4.5358279536199826e-05
4.53456197470926e-05
4.5330436617626434e-05
4.530162176177081e-05
4.526478380637018e-05
4.5246392822729145e-05
4.523488949269671e-05
4.518462748575473e-05
4.516960223110551e-05
4.515773152738049e-05
4.515612764770884e-05
4.513222308456149e-05
4.510235723860713e-05
4.5079444460427806e-05
4.507260678048991e-05
4.505158315253564e-05
4.503508459150441e-05
4.4945254885532105e-05
4.491683330955682e-05
4.491359310211098e-05
4.4912845892790085e-05
4.4860881423806624e-05
4.4843910236344866e-05
4.4820301312646953e-05
4.48087091072019e-05
4.47960850641471e-05
4.4775630890145136e-05
4.4727976394361515e-05
4.471448476006052e-05
4.466974416709039e-05
4.4601397433990864e-05
4.4587208526094306e-05
4.4538979080148735e-05
4.4530028550088016e-05
4.451980127245034e-05
4.45075446632608e-05
4.448667808194517e-05
4.446037383555522e-05
4.443395389672687e-05
4.438177950302587e-05
4.4352736406531164e-05
4.433030700426412e-05
4.432283806880208e-05
4.429085273008505e-05
4.4263246714138e-05
4.422650436449583e-05
4.4179722247977806e-05
4.414323509363272e-05
4.413624700818855e-05
4.413302853343231e-05
4.411912264636266e-05
4.411206292028718e-05
4.410581815792321e-05
4.406820407963673e-05
4.404842505551254e-05
4.402430307628962e-05
4.400216670961603e-05
4.399981075211417e-05
4.398849381218824e-05
4.3906053191366814e-05
4.3898184865990875e-05
4.3831497470326734e-05
4.3807577452161455e-05
4.3797536116823564e-05
4.3766468846566165e-05
4.375971384086936e-05
4.374742938199936e-05
4.3746785015156054e-05
4.372208904482761e-05
4.3687954653161295e-05
4.3666930523915705e-05
4.364953559063761e-05
4.360823475647346e-05
4.357184852482664e-05
4.3564864396269316e-05
4.352705901643516e-05
4.347725097107079e-05
4.3454127729128484e-05
4.344000652413777e-05
4.342056243700282e-05
4.337899047330402e-05
4.336760580310702e-05
4.334983668022665e-05
4.333072158872069e-05
4.330297278040459e-05
4.329245599871714e-05
4.3250875634157936e-05
4.317979748360003e-05
4.3163258824093614e-05
4.315095262411147e-05
4.313592348191193e-05
4.3124903475699855e-05
4.308156675748618e-05
4.307280011277903e-05
4.3067949894951656e-05
4.302366343624288e-05
4.300777291383939e-05
4.291392409984796e-05
4.2899442646378736e-05
4.2870951266286046e-05
4.285297694647428e-05
4.2851808527375836e-05
4.2839700637839515e-05
4.2833496090145256e-05
4.281489032226341e-05
4.280076722688809e-05
4.27834138554341e-05
4.275455509718303e-05
4.274601291814289e-05
4.270616226199807e-05
4.267529633202827e-05
4.266857367063977e-05
4.266243216895825e-05
4.2629475135126476e-05
4.262871731594302e-05
4.2576036795088955e-05
4.252434872213476e-05
4.251715102644148e-05
4.249870274961441e-05
4.2467346894030955e-05
4.243493671228048e-05
4.2410290495808156e-05
4.238770662203182e-05
4.234898066436032e-05
4.233736426627784e-05
4.22564627679901e-05
4.225081063426279e-05
4.22484740235963e-05
4.2228691829886656e-05
4.220786931154653e-05
4.220083964733533e-05
4.218803345693548e-05
4.21592043745184e-05
4.2136357809227686e-05
4.2107465354131655e-05
4.209807719762077e-05
4.206721071838741e-05
4.204934177090891e-05
4.204025464582663e-05
4.1995291847884354e-05
4.196565707850905e-05
4.192773217998871e-05
4.1916541194611264e-05
4.188437306348733e-05
4.186395728145918e-05
4.180588942331319e-05
4.1794541574343544e-05
4.178508682126706e-05
4.177247395183218e-05
4.177179518990334e-05
4.173315211762708e-05
4.1716415203226616e-05
4.1667468096016666e-05
4.1630336503684034e-05
4.159588011585584e-05
4.156561931364375e-05
4.1554795911857954e-05
4.154997130291275e-05
4.1506741576847325e-05
4.1469555546937e-05
4.14611255233687e-05
4.1457744467834716e-05
4.1433569415745384e-05
4.142863879688357e-05
4.140875090275815e-05
4.139598943397979e-05
4.1315024307698405e-05
4.1313688400928013e-05
4.129275065067796e-05
4.127316383820795e-05
4.1250878459292016e-05
4.123384895463394e-05
4.12172078497156e-05
4.118829966711223e-05
4.116264539653899e-05
4.11398741184764e-05
4.1137791496746565e-05
4.1109421858009336e-05
4.109210816842497e-05
4.1049900579704716e-05
4.1046536669753606e-05
4.101161862512029e-05
4.0989284830789234e-05
4.09471912989267e-05
4.092785579692091e-05
4.091412311781662e-05
4.089953856169733e-05
4.0896443919572837e-05
4.0889011647422624e-05
4.084197517489293e-05
4.082822175262101e-05
4.0816185678197525e-05
4.0799301481102276e-05
4.07844644036963e-05
4.073598636489192e-05
4.0705911085673415e-05
4.0683159282777916e-05
4.0669817429994386e-05
4.066282546746202e-05
4.0641028907565204e-05
4.0611811080306245e-05
4.061076680118916e-05
4.055434943476235e-05
4.052040643553528e-05
4.051886497051264e-05
4.0500513515848586e-05
4.04722048585867e-05
4.046966558350933e-05
4.0451323428253136e-05
4.0408073571008074e-05
4.040474275856052e-05
4.038515230565168e-05
4.0377441183598616e-05
4.034462456838103e-05
4.0322779309000705e-05
4.029197145529018e-05
4.027682282881023e-05
4.027426636926128e-05
4.02724120752918e-05
4.023462765102618e-05
4.021495129192022e-05
4.0205365596225574e-05
4.020357128657462e-05
4.01817183450326e-05
4.014739626528412e-05
4.0127577120111815e-05
4.011466634677381e-05
4.007402758061804e-05
4.006775436897426e-05
4.005371008352088e-05
4.004158531980255e-05
4.003761130965938e-05
4.002599417302461e-05
3.996441130314074e-05
3.9961356628503176e-05
3.99550727365643e-05
3.9918659178117465e-05
3.989448570165862e-05
3.9868315505753995e-05
3.985511912500807e-05
3.9830946947885505e-05
3.982617514268309e-05
3.9777797909695844e-05
3.9771684180117545e-05
3.97513142587731e-05
3.971977701250563e-05
3.971816678683893e-05
3.970915584453123e-05
3.967126037541981e-05
3.9660310016189196e-05
3.965037845722199e-05
3.9620646659951e-05
3.9602270565148355e-05
3.959149334927005e-05
3.95876719287537e-05
3.958189497627778e-05
3.95741960177566e-05
3.9558463811008876e-05
3.9556553911069476e-05
3.950636056123709e-05
3.94670021745238e-05
3.943640707477023e-05
3.9380642972373984e-05
3.937713427290202e-05
3.933181721527618e-05
3.932288905796053e-05
3.929913942184921e-05
3.927963073873378e-05
3.925632405067815e-05
3.9227699088077956e-05
3.920792677832512e-05
3.917342068207641e-05
3.915032444568876e-05
3.913964195342991e-05
3.912570667477863e-05
3.9099618869390656e-05
3.907704140626517e-05
3.9067152870233335e-05
3.90405995539613e-05
3.902779909722399e-05
3.902340729228582e-05
3.9022782328059024e-05
3.9005333907803964e-05
3.900115316998395e-05
3.899605620593365e-05
3.8982100964583245e-05
3.894262231368145e-05
3.894184559988388e-05
3.893749209530595e-05
3.89123881567401e-05
3.890576328822972e-05
3.884657615741835e-05
3.883836017997512e-05
3.882956810468921e-05
3.878651930309896e-05
3.876908438576767e-05
3.872094357501604e-05
3.868417969359958e-05
3.866956687110792e-05
3.866747934284051e-05
3.866032334658647e-05
3.864630744157939e-05
3.86177409042885e-05
3.8573992064203564e-05
3.8572561619371996e-05
3.8502368099056185e-05
3.8497955029435696e-05
3.848199606243543e-05
3.847559404940458e-05
3.8457375167230765e-05
3.843004343676985e-05
3.8424261159004934e-05
3.840902333371921e-05
3.8393114230384784e-05
3.8389944902142656e-05
3.8377271260795105e-05
3.836493454626927e-05
3.83393627984034e-05
3.831065148336709e-05
3.8284150326402464e-05
3.827002562014822e-05
3.824990389587264e-05
3.8217125166988065e-05
3.8168589583298264e-05
3.816369923770471e-05
3.816175507443288e-05
3.812378273677452e-05
3.81151944498387e-05
3.8095586935460195e-05
3.8093661573502736e-05
3.8090577545782814e-05
3.805681031698986e-05
3.804923002966688e-05
3.802618072340369e-05
3.797566855767887e-05
3.7966540301543525e-05
3.7948530514109215e-05
3.794469942854317e-05
3.791467244355775e-05
3.790473445493282e-05
3.7889100856637857e-05
3.786382178373108e-05
3.783292807049549e-05
3.782808422102821e-05
3.7816542499219557e-05
3.77934952488541e-05
3.776543010252179e-05
3.7742216315574e-05
3.773343643596726e-05
3.770816468329589e-05
3.769646449323033e-05
3.7694493443093984e-05
3.767560813160154e-05
3.764179385776078e-05
3.761081729120915e-05
3.757559494306887e-05
3.756271677104171e-05
3.754955388702144e-05
3.752204273844929e-05
3.7506338440960075e-05
3.7499356727545033e-05
3.744988331154957e-05
3.74414047692979e-05
3.743813975568533e-05
3.7417613566665734e-05
3.739817967082895e-05
3.736122699314445e-05
3.7336884255761674e-05
3.7310371651055695e-05
3.7299588490350726e-05
3.7297520522065045e-05
3.728105194680116e-05
3.7276140766923935e-05
3.726400808149393e-05
3.723411543985119e-05
3.722211379715151e-05
3.7219571424405674e-05
3.7145327804951794e-05
3.7131767671873736e-05
3.7106292876308214e-05
3.709261141070725e-05
3.70914663149758e-05
3.707838203896353e-05
3.7074127463660806e-05
3.706406653803925e-05
3.7036001968130034e-05
3.702256916830226e-05
3.699323809615113e-05
3.696993112017079e-05
3.69582585003803e-05
3.6954703997998046e-05
3.695077127355549e-05
3.692538331176253e-05
3.6900592062920496e-05
3.6883577857168466e-05
3.685104166832667e-05
3.681499041643426e-05
3.679857017612917e-05
3.678974352795081e-05
3.676499290231867e-05
3.6750656829914554e-05
3.673463101791945e-05
3.6704913229388866e-05
3.668120931180248e-05
3.665475329426674e-05
3.664574678570082e-05
3.664027616616096e-05
3.662701688622786e-05
3.660547853002559e-05
3.6584539214721546e-05
3.657770142754726e-05
3.6568931652305276e-05
3.6526504582222964e-05
3.651518110117076e-05
3.650938201279521e-05
3.649052613833112e-05
3.647354851070861e-05
3.644399516751015e-05
3.643401007299607e-05
3.639943473615538e-05
3.635094283374042e-05
3.633911673467692e-05
3.633562392188301e-05
3.631971811353819e-05
3.630979080240364e-05
3.629376207421551e-05
3.628750587374673e-05
3.625359144970628e-05
3.623173104367442e-05
3.622840949264007e-05
3.620697684782507e-05
3.620319421803888e-05
3.619117253256025e-05
3.616767693395055e-05
3.616194743407472e-05
3.615272530631684e-05
3.6113992811773864e-05
3.607846546238097e-05
3.605577993471006e-05
3.6043272468254393e-05
3.600274106076225e-05
3.597944962475846e-05
3.5975650084522496e-05
3.5959778441623714e-05
3.594643985819794e-05
3.5916826106730935e-05
3.5881022086508116e-05
3.5864611828921064e-05
3.585421175430082e-05
3.583866063928395e-05
3.583690793323034e-05
3.583549485889977e-05
3.5786715925927875e-05
3.57790283815393e-05
3.5777844869398366e-05
3.5758654069714126e-05
3.573877084907521e-05
3.5718866254430234e-05
3.5714719443168415e-05
3.5701728128735585e-05
3.5674278174499234e-05
3.5664638430561444e-05
3.564990177169999e-05
3.5640713421135974e-05
3.562754793558774e-05
3.558230094982137e-05
3.5558172593769884e-05
3.555737040674527e-05
3.5552124680236446e-05
3.55347169074273e-05
3.551834915613117e-05
3.5503499169261e-05
3.547377788288269e-05
3.5447443699405506e-05
3.542721692369432e-05
3.542497123350319e-05
3.541748950429812e-05
3.541585379834588e-05
3.539063865189537e-05
3.535747178491742e-05
3.5322397713355235e-05
3.5312834889086295e-05
3.529279435869469e-05
3.5281834670031885e-05
3.526918125878384e-05
3.524666837458976e-05
3.521913920958316e-05
3.5207656295725986e-05
3.5189603428399335e-05
3.516973625077592e-05
3.5152720799379186e-05
3.512702603045773e-05
3.510267058922595e-05
3.5080601903342424e-05
3.50659541227893e-05
3.50518647544131e-05
3.504207812883987e-05
3.5031293182083276e-05
3.502766007033518e-05
3.502141398574895e-05
3.4983030497604185e-05
3.497216545535538e-05
3.4960015260671135e-05
3.495908124705448e-05
3.494796995888171e-05
3.49407646624443e-05
3.4939436617612696e-05
3.493617357483364e-05
3.491258003948166e-05
3.486133839525295e-05
3.485699655689472e-05
3.4845282212667666e-05
3.4833482844996635e-05
3.483073360781626e-05
3.481557737399169e-05
3.4799825048415977e-05
3.4793036748941174e-05
3.476536866130271e-05
3.4755443598267414e-05
3.4735076385482885e-05
3.471334671807685e-05
3.470445163626996e-05
3.46922095904412e-05
3.4677637013472516e-05
3.4669433790144406e-05
3.4654425104556093e-05
3.463257607449664e-05
3.461984521274434e-05
3.460949323691848e-05
3.460448324373879e-05
3.456049421652326e-05
3.4560015107697395e-05
3.455443625934304e-05
3.4545177977538356e-05
3.453851833552877e-05
3.452006263044362e-05
3.4505279618092057e-05
3.449942060025002e-05
3.447435104184879e-05
3.446701016152131e-05
3.445728627370604e-05
3.444020759376878e-05
3.4406730390402824e-05
3.44057717543315e-05
3.4404292815962725e-05
3.4362400635942106e-05
3.4348490262004595e-05
3.4319920971995336e-05
3.431669004365864e-05
3.429522316610335e-05
3.427461300839588e-05
3.424125650836526e-05
3.4229054432999815e-05
3.4216640045100516e-05
3.420921410649958e-05
3.419607923814497e-05
3.419524078298417e-05
3.4173387435145286e-05
3.417199050525675e-05
3.416984610533128e-05
3.413460417859014e-05
3.4129221382892525e-05
3.4096795011951664e-05
3.4094089816847836e-05
3.405878140596847e-05
3.404218313309663e-05
3.403799785233117e-05
3.402496287591536e-05
3.3999672627099625e-05
3.399535828909883e-05
3.3993433384477764e-05
3.397397279141884e-05
3.395595600073702e-05
3.392582616954724e-05
3.3921948897653e-05
3.3916050519374584e-05
3.388554644579197e-05
3.387560468309416e-05
3.386317641067627e-05
3.385569774653776e-05
3.383595847229689e-05
3.3833680945362976e-05
3.379069390283393e-05
3.37775060997591e-05
3.377486118010682e-05
3.375290693077558e-05
3.3747160636121416e-05
3.374389816313409e-05
3.372325417507674e-05
3.372145671845245e-05
3.371071437376158e-05
3.3684600826328324e-05
3.366003360412091e-05
3.365491928945406e-05
3.364000220634294e-05
3.360894677098227e-05
3.359852462688426e-05
3.358594992513706e-05
3.357139508765927e-05
3.3567533440555426e-05
3.355529015148352e-05
3.352301549818985e-05
3.3520879156663015e-05
3.350527865415738e-05
3.34746111555071e-05
3.3435226397690045e-05
3.3433754115595e-05
3.34268009704428e-05
3.3406902218597e-05
3.3403763046659805e-05
3.338764681864793e-05
3.336032905166474e-05
3.333490657435714e-05
3.3328097242088666e-05
3.330075004341412e-05
3.3272301988843386e-05
3.326858815758466e-05
3.3255534902188955e-05
3.3251382596998005e-05
3.323939060582363e-05
3.3215743153220636e-05
3.321278339301299e-05
3.3203136527922486e-05
3.319551424084311e-05
3.3189738695076e-05
3.31886758652018e-05
3.316336487868421e-05
3.314902123816479e-05
3.3146656980553744e-05
3.312775758243064e-05
3.3100660921445954e-05
3.308659784244821e-05
3.308012478487723e-05
3.305976560980605e-05
3.305021503926408e-05
3.3012178962875364e-05
3.3010441134975415e-05
3.299775339798348e-05
3.298869750288922e-05
3.297049278465481e-05
3.296655415818758e-05
3.2939200474506114e-05
3.2923632878905976e-05
3.291029558875464e-05
3.2898629444927355e-05
3.288373947649549e-05
3.2867641997045365e-05
3.283629456957931e-05
3.2812139488388895e-05
3.280861847169792e-05
3.2795564905259635e-05
3.276794273593424e-05
3.276264167605636e-05
3.274750633045643e-05
3.2736830542768694e-05
3.27188716730405e-05
3.269773526518863e-05
3.2663453656859334e-05
3.2656678701282126e-05
3.265251791235485e-05
3.263901878380133e-05
3.2627429853118104e-05
3.262183398897886e-05
3.2593179125462155e-05
3.258381521945589e-05
3.256422124793517e-05
3.254208167163793e-05
3.253776560898201e-05
3.25347072634166e-05
3.25164637881872e-05
3.248542549743154e-05
3.247627442377691e-05
3.246506938620486e-05
3.2455155504484046e-05
3.244519558398838e-05
3.2419027056866014e-05
3.2411018937282615e-05
3.2407830478981174e-05
3.240295547009552e-05
3.239255714518292e-05
3.236909070052224e-05
3.235826548343217e-05
3.234041412035626e-05
3.232208877767563e-05
3.2300673900791066e-05
3.228667983974168e-05
3.227961653311848e-05
3.2245522363066566e-05
3.2238154465514576e-05
3.2227166571349116e-05
3.2209436654804866e-05
3.219674925218762e-05
3.218627553054229e-05
3.214729380554052e-05
3.214500121220862e-05
3.2121127367504835e-05
3.2117126121069545e-05
3.209780052153927e-05
3.2093040306896715e-05
3.207970392977284e-05
3.206124641715034e-05
3.20529286031335e-05
3.205003630716105e-05
3.202067848011536e-05
3.199055788714802e-05
3.198614250065913e-05
3.197071395218693e-05
3.195835421050941e-05
3.194302511744792e-05
3.193863843766485e-05
3.1927773797398005e-05
3.1916798560749255e-05
3.189841087241852e-05
3.188444955535238e-05
3.186836459714091e-05
3.185566197101019e-05
3.1843563027679634e-05
3.182915978583696e-05
3.182043896231515e-05
3.1777279265580134e-05
3.177030094268824e-05
3.1761104986497465e-05
3.175020156569435e-05
3.1737005501466366e-05
3.173396114874508e-05
3.171699126677789e-05
3.1708285499904976e-05
3.1698283673104226e-05
3.168561944364597e-05
3.165996407012564e-05
3.165722391052572e-05
3.1638856719431695e-05
3.162617746552953e-05
3.159438922321345e-05
3.157340934166242e-05
3.15629331600416e-05
3.154432714802362e-05
3.154250908378388e-05
3.1514704473227905e-05
3.1488784410978996e-05
3.1466725877994356e-05
3.144973931444523e-05
3.144270733744219e-05
3.144003517207127e-05
3.14361909627211e-05
3.142776112749683e-05
3.141202833587882e-05
3.139615850913564e-05
3.1376634618530414e-05
3.136020679630144e-05
3.1355446642518205e-05
3.134517912912635e-05
3.134364175450104e-05
3.132121483613096e-05
3.129461727870302e-05
3.127927683637341e-05
3.127882308901531e-05
3.124356534484669e-05
3.1243156109342296e-05
3.123781844168856e-05
3.1200147747493276e-05
3.119885463358952e-05
3.118988948064091e-05
3.118586640736027e-05
3.115013438088915e-05
3.114195957612346e-05
3.112707834633432e-05
3.110261065262732e-05
3.10926637360954e-05
3.1090591484522496e-05
3.1088113170351214e-05
3.1065643989550456e-05
3.105351179880667e-05
3.1048818675970336e-05
3.103055705733441e-05
3.101642424979516e-05
3.1014814829049826e-05
3.1002152205283796e-05
3.099417197653698e-05
3.0990350629686235e-05
3.097596223884351e-05
3.0965520840811844e-05
3.094378727559852e-05
3.093613043650564e-05
3.091317855084296e-05
3.091248318609827e-05
3.08992862819477e-05
3.0882512667490986e-05
3.086957441670987e-05
3.085770428638391e-05
3.084303154664355e-05
3.082462821354047e-05
3.0786008743279903e-05
3.0784121946723283e-05
3.0766670884593115e-05
3.0753318119880056e-05
3.071958471295083e-05
3.071258421466288e-05
3.0678406394600704e-05
3.066263211914939e-05
3.065048021064995e-05
3.061929634136497e-05
3.0612791473075987e-05
3.0607720142977775e-05
3.060465052195691e-05
3.058392264458514e-05
3.056951412896405e-05
3.056223851663458e-05
3.054591787315983e-05
3.0523060281980605e-05
3.051928996810813e-05
3.0513128288965315e-05
3.051220188823683e-05
3.0499765877107557e-05
3.0495643150687853e-05
3.048785007927384e-05
3.0470439867265632e-05
3.0452837281833403e-05
3.045243080248812e-05
3.0444129219429623e-05
3.0425943131842214e-05
3.041413461462287e-05
3.0413356587516346e-05
3.0400422717819302e-05
3.03968719743452e-05
3.0395453722696312e-05
3.037555582807609e-05
3.036645517464053e-05
3.0334898711042232e-05
3.0330627284655056e-05
3.031605541047695e-05
3.0314114791211684e-05
3.030386782248348e-05
3.0276872673215615e-05
3.0261401327960445e-05
3.0243067161127684e-05
3.0227343609710364e-05
3.022698758320956e-05
3.0213627676490102e-05
3.020460058451803e-05
3.020000016890213e-05
3.0184333523067177e-05
3.018261566322793e-05
3.0165156466414068e-05
3.0158694486071558e-05
3.0153966297039926e-05
3.0144662292835152e-05
3.014377483280487e-05
3.0131856668623273e-05
3.0125035739499265e-05
3.0117737794230275e-05
3.0098434084505356e-05
3.009281875533998e-05
3.0071963304419567e-05
3.0063611280879244e-05
3.0039468532869462e-05
3.0011402422027784e-05
3.000311015734406e-05
2.998967783487232e-05
2.9977865075630295e-05
2.995602436497299e-05
2.9952041520769293e-05
2.9946380670487615e-05
2.992621279810259e-05
2.991477035354618e-05
2.9893252635577768e-05
2.9885239755770764e-05
2.9862794644409068e-05
2.984769056344564e-05
2.983436466534473e-05
2.9831497143199538e-05
2.9819529946864038e-05
2.9815896935083065e-05
2.981350432782103e-05
2.9799147286861578e-05
2.9787597301310593e-05
2.9776297713225645e-05
2.9767642755678114e-05
2.9750903663465168e-05
2.9750700294095063e-05
2.974177700640335e-05
2.9725712921022043e-05
2.970701890733129e-05
2.9697430132881482e-05
2.969669852255721e-05
2.9684155512994954e-05
2.9678063509795106e-05
2.9660250134378316e-05
2.9656553362289044e-05
2.963654865444604e-05
2.962882052310486e-05
2.960779947798444e-05
2.9569085197277507e-05
2.9563743876480075e-05
2.9542634450985837e-05
2.9540656337816427e-05
2.9521676112479714e-05
2.9509699992090623e-05
2.9489215419779076e-05
2.9482454944959834e-05
2.948093308122809e-05
2.9478904202355247e-05
2.947377791321337e-05
2.946290458924961e-05
2.943638372062805e-05
2.9436005090470994e-05
2.9423661104487515e-05
2.940996095812728e-05
2.939851602658773e-05
2.9396093512443744e-05
2.937889433350836e-05
2.937600819365583e-05
2.936799749052232e-05
2.9360033332782413e-05
2.9342862163200307e-05
2.933060370077523e-05
2.9325310730028657e-05
2.9307642836799273e-05
2.9307023771025834e-05
2.927460264105777e-05
2.9257641781522814e-05
2.9256886528576145e-05
2.9239509299218757e-05
2.9227870462062673e-05
2.920588985327133e-05
2.919685584605773e-05
2.918665503622146e-05
2.9183712633568816e-05
2.9177723253314022e-05
2.915494024358945e-05
2.9151028465553603e-05
2.9146885073653512e-05
2.9116959170147788e-05
2.91080823104224e-05
2.9091778998490127e-05
2.9086936198242633e-05
2.908099159503835e-05
2.907256889155157e-05
2.905076971459404e-05
2.902769577998796e-05
2.9021794970253223e-05
2.901576723350811e-05
2.9003323119916664e-05
2.8979804322797488e-05
2.8977326130183986e-05
2.8950681219062366e-05
2.8938133625485148e-05
2.892765323850799e-05
2.8923242823878817e-05
2.8898944453227183e-05
2.8889926170630197e-05
2.8881693325828427e-05
2.8873519304781024e-05
2.8857868537816593e-05
2.885482076453781e-05
2.885277425926296e-05
2.8848509570798804e-05
2.8827915313955635e-05
2.882150623968739e-05
2.8816785416536885e-05
2.8799433678450146e-05
2.8790309573529304e-05
2.8775445779539084e-05
2.8760635237282527e-05
2.8753958952496624e-05
2.8743205564562072e-05
2.873094208937881e-05
2.8714612731806316e-05
2.8701133465497892e-05
2.868104385348225e-05
2.867236020581293e-05
2.866133420198754e-05
2.8644034045392186e-05
2.8638121953294366e-05
2.8632625992148237e-05
2.862331137801491e-05
2.8607160400410818e-05
2.8576847150070063e-05
2.8565984890470295e-05
2.855681900669166e-05
2.8553447673950914e-05
2.8547562689452795e-05
2.8534249266698538e-05
2.8526437369634665e-05
2.8517447800595665e-05
2.8499939500191842e-05
2.849106997865674e-05
2.8483426740503613e-05
2.84754243223666e-05
2.8442334910895244e-05
2.8433175366603736e-05
2.8432479752810756e-05
2.842961992513019e-05
2.8422248388188635e-05
2.8415807541719975e-05
2.8402207452693773e-05
2.8395773803097453e-05
2.838257979094777e-05
2.8375010554860207e-05
2.8357413655267923e-05
2.833702003130941e-05
2.832588404296887e-05
2.8322142799095845e-05
2.831051368161355e-05
2.830111844381955e-05
2.829759051512158e-05
2.8296892283145616e-05
2.8288076385902534e-05
2.8281276346093804e-05
2.8253981462180735e-05
2.8230491594007796e-05
2.8215267708806722e-05
2.8208785784229295e-05
2.8194802212907476e-05
2.8186650445861547e-05
2.8169455078404655e-05
2.8155225986282622e-05
2.814154408477111e-05
2.814039051149747e-05
2.8132792963000066e-05
2.8125143517958432e-05
2.8105275956117518e-05
2.809115770599517e-05
2.8070065293939408e-05
2.8066080596203877e-05
2.8053851181065126e-05
2.8030293441025904e-05
2.8009379623035937e-05
2.8006304747071364e-05
2.798092087614696e-05
2.7967268214919663e-05
2.7959924214145178e-05
2.795546959498748e-05
2.794688648830817e-05
2.794186220876108e-05
2.7939162853257245e-05
2.7932806121006684e-05
2.7922966518763208e-05
2.7919636770334993e-05
2.7906079252842014e-05
2.7896020155718273e-05
2.7890387678856677e-05
2.7876507825133126e-05
2.7869924435744832e-05
2.7852320467967237e-05
2.7847943672118827e-05
2.7834014959742305e-05
2.782324888168109e-05
2.781338223937602e-05
2.7810461494802296e-05
2.7793715477478556e-05
2.7775142913203702e-05
2.7760244515273675e-05
2.7746255236984124e-05
2.7734287355684677e-05
2.772760874154439e-05
2.771903847554193e-05
2.7707702977059445e-05
2.7677422733705804e-05
2.767335642655744e-05
2.7667016109638595e-05
2.7659591212284353e-05
2.7643863630199655e-05
2.7638847927809166e-05
2.7625254558031335e-05
2.761995657950862e-05
2.7603562021095488e-05
2.7599991162791705e-05
2.7586343337104193e-05
2.756948937081018e-05
2.7558193380776913e-05
2.755108889396956e-05
2.755042030686323e-05
2.752978243316652e-05
2.751360550509556e-05
2.7511213532684903e-05
2.7503248546959114e-05
2.74876936858515e-05
2.747992216957935e-05
2.7466813890397654e-05
2.743558560511235e-05
2.742788598388687e-05
2.7425738926608438e-05
2.741907984497759e-05
2.7392109998549773e-05
2.7381615867816534e-05
2.73753009493927e-05
2.7369230696475047e-05
2.736528919627933e-05
2.7352507652683984e-05
2.7348737761493393e-05
2.733557588359695e-05
2.7318457961215847e-05
2.7305222176651578e-05
2.72990686098377e-05
2.7297894836102314e-05
2.7275502848285586e-05
2.726388889341123e-05
2.725454955557874e-05
2.725415843426449e-05
2.723367573396459e-05
2.72198854157299e-05
2.7215011774118663e-05
2.7212849798850056e-05
2.7206274038757066e-05
2.720004941219951e-05
2.718610157106252e-05
2.7177607075985318e-05
2.716793948602548e-05
2.7164674884617513e-05
2.7154043899061853e-05
2.7151035621458018e-05
2.711900440365366e-05
2.710809709818762e-05
2.707997355316089e-05
2.7073503960539068e-05
2.7072638786377165e-05
2.7053626635480684e-05
2.704646630931404e-05
2.704107679577843e-05
2.7015827920599423e-05
2.6995897187239444e-05
2.698208664222107e-05
2.697686861068154e-05
2.697134514631956e-05
2.6951222903299236e-05
2.6945994476154756e-05
2.6929279507716935e-05
2.6927285745114807e-05
2.6887768948202406e-05
2.6885373251539788e-05
2.688473216326066e-05
2.6880969207964076e-05
2.6880089571251542e-05
2.686870017519695e-05
2.6859426688730326e-05
2.6845600673950766e-05
2.683895528533831e-05
2.6825536990482366e-05
2.6819519781207474e-05
2.680447189968006e-05
2.6801154051250695e-05
2.675947898614874e-05
2.675017817645836e-05
2.6747561178883958e-05
2.674640820787964e-05
2.674184350285752e-05
2.6729163220417346e-05
2.6724295914831887e-05
2.671661927948733e-05
2.6712830004814794e-05
2.6680214531061954e-05
2.6673396792722093e-05
2.6667643079477172e-05
2.6665731548427124e-05
2.6662657043858303e-05
2.6657728805577133e-05
2.665084853892954e-05
2.6645063504274074e-05
2.6633796364203718e-05
2.662539867042096e-05
2.66230602527964e-05
2.660103082159088e-05
2.658562735899833e-05
2.6577585073188177e-05
2.6563388576400213e-05
2.6556505829355735e-05
2.6546045881673755e-05
2.6535192574538156e-05
2.6524901245727863e-05
2.6511212533121094e-05
2.6499193913837612e-05
2.6490512612795346e-05
2.6489903802207866e-05
2.6474167662725033e-05
2.64712150120576e-05
2.6455669048280888e-05
2.6451454172640504e-05
2.6433321910283124e-05
2.642332971516109e-05
2.6415429642180808e-05
2.6408373287287215e-05
2.6397592877545697e-05
2.6378696684566364e-05
2.637078886110029e-05
2.6352267662987373e-05
2.6350900525989925e-05
2.634694746266348e-05
2.6336440058670303e-05
2.633378772836909e-05
2.6324610079336375e-05
2.6321950918278155e-05
2.6309762986031307e-05
2.630600511902411e-05
2.629247999152397e-05
2.628693148728296e-05
2.6284039579960743e-05
2.6273703179591697e-05
2.6236312987222488e-05
2.6233096747485434e-05
2.622379092204119e-05
2.622226611342351e-05
2.6207255166958243e-05
2.6198693301448426e-05
2.6198362621598658e-05
2.6180002000954395e-05
2.6169747066244522e-05
2.6164396712138335e-05
2.615725987378605e-05
2.614640825525548e-05
2.6136821676199095e-05
2.612442508162386e-05
2.6116869716731896e-05
2.6114306992627938e-05
2.6097709356648102e-05
2.6095930462938567e-05
2.6085950787841943e-05
2.6082116672328932e-05
2.6061848860314593e-05
2.6059201161222146e-05
2.6049249893950057e-05
2.6036829749797777e-05
2.6027905871608127e-05
2.6024112419188725e-05
2.602068244795004e-05
2.6013496963915173e-05
2.600636877411091e-05
2.6003306853077346e-05
2.5991037365759296e-05
2.598022416213155e-05
2.59766446785829e-05
2.596325014009922e-05
2.5958362642167056e-05
2.5949262643981344e-05
2.5935954319596056e-05
2.592316580626001e-05
2.5916568442694852e-05
2.590684134984512e-05
2.590065510733524e-05
2.588917561157653e-05
2.5871141094487104e-05
2.585786625871471e-05
2.5848225735746973e-05
2.5822319413880587e-05
2.5807135781916986e-05
2.579874589316065e-05
2.5782832975158716e-05
2.5772583105662486e-05
2.5771604776251415e-05
2.576793185031007e-05
2.5752812260973685e-05
2.5747542658305904e-05
2.5744946182929715e-05
2.5738869983685725e-05
2.5732882348370224e-05
2.5725926619915043e-05
2.5724016746843065e-05
2.5723123592816605e-05
2.5717899473341768e-05
2.5714184603654708e-05
2.5700901062601097e-05
2.5695672936872086e-05
2.5673065526164504e-05
2.5665309595599332e-05
2.566104545655466e-05
2.5653179385904443e-05
2.5641877778398548e-05
2.5619215746706484e-05
2.5615253986179176e-05
2.5600874570331078e-05
2.5594969785271503e-05
2.558984723084252e-05
2.557342012082583e-05
2.5571887228750808e-05
2.555087903840125e-05
2.5548976705528663e-05
2.554802343475587e-05
2.5538658402870223e-05
2.5514671079177057e-05
2.5500433390881193e-05
2.5492849134554448e-05
2.5476189265603046e-05
2.5472376363606678e-05
2.5457381777799438e-05
2.5454401425147525e-05
2.5439240825888218e-05
2.5430179956041146e-05
2.5429284777939142e-05
2.5407951326110355e-05
2.5401575148505075e-05
2.5398558075000444e-05
2.5393550583853333e-05
2.5385050731436127e-05
2.536866451503916e-05
2.535675628441295e-05
2.5355708314970015e-05
2.5352813932607284e-05
2.5335696495480736e-05
2.5314946175809108e-05
2.5311689438920056e-05
2.5291710409252274e-05
2.5288264880233472e-05
2.527819640149024e-05
2.5273730698090122e-05
2.5269328928952934e-05
2.52505062966085e-05
2.524964267357608e-05
2.5238969460650908e-05
2.5236257053123128e-05
2.521982580484391e-05
2.5211464266262607e-05
2.5208235430968665e-05
2.5192824618515973e-05
2.5187330115715608e-05
2.5183475627247507e-05
2.5176000294132524e-05
2.517139448099729e-05
2.51643756283847e-05
2.5159872224120025e-05
2.515700704347308e-05
2.514975574322374e-05
2.513350624020479e-05
2.5129228935736687e-05
2.5111465623293588e-05
2.510532186298148e-05
2.508357215575134e-05
2.5083257354425507e-05
2.5077224036217465e-05
2.507228313197277e-05
2.50635927800321e-05
2.5044271583856962e-05
2.503097383040591e-05
2.501903509381318e-05
2.5009928354212942e-05
2.500475062998972e-05
2.500351928057284e-05
2.4997258573997976e-05
2.4992928729702925e-05
2.4982121534582266e-05
2.4964031169910755e-05
2.495646056354364e-05
2.4940995022734924e-05
2.4930569224341857e-05
2.4910359656692673e-05
2.490016929657006e-05
2.4893164403636728e-05
2.489141505045504e-05
2.487803209684749e-05
2.4870868146002654e-05
2.487017166074425e-05
2.4866306047925835e-05
2.48592491132209e-05
2.4848402839699366e-05
2.4825328012153934e-05
2.482451732870064e-05
2.481939134881911e-05
2.4806833782667925e-05
2.4795243582740592e-05
2.478680929688176e-05
2.4777373008791386e-05
2.4774274097763184e-05
2.4763719911752106e-05
2.4740900372564896e-05
2.4740284565022015e-05
2.4723633187206094e-05
2.471633894330024e-05
2.470415175083149e-05
2.468774049525719e-05
2.468109542908915e-05
2.4671324629312104e-05
2.4655070149392453e-05
2.4652147033531848e-05
2.4651075415194948e-05
2.4638031224431793e-05
2.4630502649358168e-05
2.4628581205896496e-05
2.461977329669773e-05
2.4617142696707032e-05
2.460681998110345e-05
2.4599271888521848e-05
2.4597593402632206e-05
2.458242176336954e-05
2.4580299982390736e-05
2.4575776005555385e-05
2.456118730844394e-05
2.4558431112019873e-05
2.45383777920653e-05
2.4530749444716773e-05
2.4524376351808795e-05
2.4504739577719543e-05
2.449483230291823e-05
2.4483278428220064e-05
2.4467963249751258e-05
2.4464767835602586e-05
2.446393043010619e-05
2.4462089271557957e-05
2.445672722899154e-05
2.445083720256042e-05
2.443030645220675e-05
2.4421930818870494e-05
2.441691124077591e-05
2.44106685327498e-05
2.4400742170906407e-05
2.438934714257265e-05
2.4380078975821803e-05
2.4369404776834257e-05
2.436576837359511e-05
2.435685476972501e-05
2.4354098923173578e-05
2.4348987675574415e-05
2.4335180406914634e-05
2.4333035782926493e-05
2.4328296762980195e-05
2.4326949230206716e-05
2.4322499528102674e-05
2.429837562727993e-05
2.4296448679197314e-05
2.4278467153390797e-05
2.4277644560504124e-05
2.4263782320317273e-05
2.4249888845198105e-05
2.4237687782561984e-05
2.421795133317806e-05
2.420930885708614e-05
2.4205103584844576e-05
2.4202005696031283e-05
2.4170845467561505e-05
2.4155368810589946e-05
2.4151133935428283e-05
2.4145133243409863e-05
2.413889785032264e-05
2.4136308970557995e-05
2.411424034127791e-05
2.4112020112460426e-05
2.410805201585815e-05
2.4106995429700262e-05
2.4087417899708584e-05
2.4078587980245786e-05
2.4070755369118673e-05
2.4058831819977562e-05
2.4052919788009076e-05
2.4050444909230458e-05
2.4045380871196036e-05
2.404175740356042e-05
2.4035938860279437e-05
2.4033408131104523e-05
2.4030529236037412e-05
2.4025992004427815e-05
2.4022919351438844e-05
2.4003702653972554e-05
2.3990435867425464e-05
2.397977876861259e-05
2.3977151772097166e-05
2.396004133536295e-05
2.3950070215431823e-05
2.394141370990002e-05
2.393946490792896e-05
2.392508719546144e-05
2.3911323206711468e-05
2.3906738132504227e-05
2.3901578929671262e-05
2.3893955091818262e-05
2.3890858428882397e-05
2.3885793713094556e-05
2.3864105755340358e-05
2.385699900732718e-05
2.384927335874832e-05
2.383607617610813e-05
2.3822856094142706e-05
2.381678151653464e-05
2.3804641308164713e-05
2.3803228402220608e-05
2.3788263982364705e-05
2.378127964145529e-05
2.377489349173953e-05
2.377189675502072e-05
2.375513994638369e-05
2.374840210729563e-05
2.3747186909414864e-05
2.374698733722622e-05
2.3740933348493802e-05
2.3737745603892005e-05
2.373254507551188e-05
2.370473498920795e-05
2.368843095364209e-05
2.3671978616633077e-05
2.3659939675460695e-05
2.365447829155876e-05
2.365124618475937e-05
2.3648873618501025e-05
2.3638893074685916e-05
2.3627172240835356e-05
2.361473326589476e-05
2.3612644711487298e-05
2.3610251446501464e-05
2.3598100590828774e-05
2.3595993923879066e-05
2.3587288503938356e-05
2.3572024989071722e-05
2.3569415334049844e-05
2.3558916193460837e-05
2.355095510514665e-05
2.354926643166384e-05
2.3543545621893466e-05
2.3528787029039856e-05
2.351739796993646e-05
2.351375580606529e-05
2.3509379054938785e-05
2.350133064616078e-05
2.348861381502104e-05
2.346842066059012e-05
2.346297552690594e-05
2.3462396858736818e-05
2.3458575201428695e-05
2.3442219820172502e-05
2.3439582506091712e-05
2.343209723569084e-05
2.3422835959394146e-05
2.341640144770643e-05
2.3410734486353876e-05
2.3407019708269218e-05
2.3393389611447486e-05
2.3378286888638648e-05
2.3375568735309213e-05
2.3367709467334895e-05
2.335642304036459e-05
2.3349804912434505e-05
2.334492355256663e-05
2.3337102941754913e-05
2.3333892506618844e-05
2.3318353234472694e-05
2.3300798924477976e-05
2.3296175016996283e-05
2.3292106528486644e-05
2.3291373678831846e-05
2.3280361693062193e-05
2.3264992161540492e-05
2.3253967341230886e-05
2.3241728844100917e-05
2.3233225108781373e-05
2.3225044800213414e-05
2.3215217877362636e-05
2.3210837961088267e-05
2.3201443274971213e-05
2.3196137314154868e-05
2.3195950294995625e-05
2.3184241207959222e-05
2.3182628887435525e-05
2.3179669855291298e-05
2.316379907382668e-05
2.3157149465363706e-05
2.315263750743287e-05
2.313798825163142e-05
2.3134165914982978e-05
2.313355381383089e-05
2.3127039205758415e-05
2.312559203460307e-05
2.3125256657281087e-05
2.310358223791716e-05
2.308799660896061e-05
2.308297977007138e-05
2.308193286563189e-05
2.308038710516357e-05
2.307129856673324e-05
2.306387890069765e-05
2.3063244863150202e-05
2.3054290405993083e-05
2.3047012231519405e-05
2.3036117848779093e-05
2.3032831370675823e-05
2.3019875956669658e-05
2.3016221525252025e-05
2.301150098589856e-05
2.3006538815644245e-05
2.3004265929384662e-05
2.29944145303602e-05
2.29846644178309e-05
2.2980371349638953e-05
2.2974250346466838e-05
2.2970142123860636e-05
2.296330183306009e-05
2.295114069703605e-05
2.294658011166865e-05
2.2935290439478796e-05
2.2922459102557344e-05
2.2920803045118613e-05
2.292062222219656e-05
2.2912528000939527e-05
2.29103041931468e-05
2.2899998544399407e-05
2.2893693449844648e-05
2.288676489608899e-05
2.2886089616394472e-05
2.2875453434185822e-05
2.2856454240048488e-05
2.283976601752281e-05
2.283822207076875e-05
2.282818461878643e-05
2.282149810857057e-05
2.281724984790936e-05
2.280669797173527e-05
2.279890726350121e-05
2.2790020490245365e-05
2.2776803195159274e-05
2.277470427536655e-05
2.275874420381628e-05
2.274818784418914e-05
2.2742460132903815e-05
2.273428734864579e-05
2.272699664072891e-05
2.2721596264309098e-05
2.2721536013803667e-05
2.2716940634924573e-05
2.271355075157606e-05
2.2707939144256402e-05
2.270789193373618e-05
2.2702025892583373e-05
2.269452132963125e-05
2.2678731075628816e-05
2.2672394218585004e-05
2.2667898895103637e-05
2.2660185769739174e-05
2.2652696976004982e-05
2.2645334068912274e-05
2.2642288998903514e-05
2.2638015621453518e-05
2.2626851533526353e-05
2.2622003567474618e-05
2.261897981662258e-05
2.2606319425229045e-05
2.2590905519287563e-05
2.2586790325711847e-05
2.2582731382467442e-05
2.257286996555807e-05
2.2569927233341303e-05
2.2554530441074783e-05
2.253992303321798e-05
2.252590300693522e-05
2.2520552335734737e-05
2.25193408674945e-05
2.2518993607416647e-05
2.2514370749229933e-05
2.25019774110789e-05
2.24950492558634e-05
2.2490679789555593e-05
2.2483293586199335e-05
2.2472050086336538e-05
2.246769657532264e-05
2.2454060971708594e-05
2.245350733058806e-05
2.2446104641129215e-05
2.2433694033089917e-05
2.243346636095524e-05
2.2428556902326625e-05
2.2420147598259426e-05
2.241558697382585e-05
2.240766696449104e-05
2.2397376870702308e-05
2.237844419638576e-05
2.2368190233230156e-05
2.2359538048135875e-05
2.2354528990148326e-05
2.234362278172424e-05
2.2339752206359745e-05
2.2333993038464482e-05
2.2330955156590324e-05
2.2319542984370117e-05
2.2316621600027027e-05
2.230197394813397e-05
2.229707049971597e-05
2.2294024355667484e-05
2.2293946157782295e-05
2.2291157250942933e-05
2.2275306757272554e-05
2.226993402487218e-05
2.2255472500226238e-05
2.2250752317351572e-05
2.224445687278158e-05
2.2239690094219587e-05
2.2239473103067866e-05
2.2232658549744085e-05
2.2222792791184455e-05
2.221699739161286e-05
2.2206739680948443e-05
2.220181157242253e-05
2.2190377497985354e-05
2.2185117260687998e-05
2.217463463214343e-05
2.2171840809498067e-05
2.216672992617329e-05
2.2166392474206313e-05
2.216021761654644e-05
2.215429010926421e-05
2.2143653463791593e-05
2.2128000475681125e-05
2.2126823806375656e-05
2.211468807232783e-05
2.2109878301869176e-05
2.2106459515640197e-05
2.2095390540828068e-05
2.209418375096048e-05
2.2089185671514592e-05
2.207704661834668e-05
2.2067795328786588e-05
2.2066584940171036e-05
2.2054796580554844e-05
2.205341967835136e-05
2.204708312132135e-05
2.20422606289546e-05
2.2038292670103814e-05
2.2025261522792046e-05
2.2009677986161403e-05
2.2007429466348387e-05
2.1997402058399685e-05
2.198942795733441e-05
2.1981991561844244e-05
2.196861701465193e-05
2.196427792436473e-05
2.1956560016969898e-05
2.1947018306167192e-05
2.1939268974819622e-05
2.193759551576111e-05
2.1929773275238685e-05
2.1919943677497688e-05
2.1915703131089915e-05
2.190561055128332e-05
2.1899592429138148e-05
2.188907887588791e-05
2.18750483790241e-05
2.187247085063611e-05
2.1866384284527807e-05
2.1859465861016974e-05
2.1853759826450916e-05
2.1852662089319402e-05
2.1851204018626366e-05
2.1843098117578546e-05
2.183454860404745e-05
2.1814121119121912e-05
2.1803211543149766e-05
2.1792645200351564e-05
2.17855297256854e-05
2.178273739879294e-05
2.1773194242987874e-05
2.1771890675617013e-05
2.17646055358854e-05
2.1759779623962854e-05
2.175811560622448e-05
2.1756483097358913e-05
2.1750448041155554e-05
2.1744420475433413e-05
2.1727921658036552e-05
2.17251171161236e-05
2.171855740075968e-05
2.1711219064436085e-05
2.170642679314787e-05
2.169740422620289e-05
2.1692688342729406e-05
2.168548470930756e-05
2.1681957565853885e-05
2.1680510056889688e-05
2.1673718625786625e-05
2.1669061791042205e-05
2.166679722087551e-05
2.1654486250867523e-05
2.163782596253048e-05
2.1632532304888602e-05
2.1618136654524805e-05
2.1616964441166944e-05
2.160848541318335e-05
2.1600267479981147e-05
2.159062391632617e-05
2.1579948853359427e-05
2.1576349795149258e-05
2.1575970186764103e-05
2.1566278867964782e-05
2.1549347155154643e-05
2.154222778894729e-05
2.153648419876396e-05
2.1533998072258543e-05
2.1521623875547563e-05
2.151602049101337e-05
2.1511616984349558e-05
2.151057346565851e-05
2.1506402161419967e-05
2.1501127296297136e-05
2.1497097858829595e-05
2.149446012173766e-05
2.1491737312989053e-05
2.149091254215339e-05
2.147847333622019e-05
2.1470251765204353e-05
2.1462334878645446e-05
2.1452088608329354e-05
2.14490122883856e-05
2.144724121765234e-05
2.1435542615693958e-05
2.1423228733100712e-05
2.1417933480796562e-05
2.141659023754356e-05
2.1403295849582545e-05
2.1397894038432142e-05
2.137869828325397e-05
2.137516656333886e-05
2.1370004433704486e-05
2.136549328525508e-05
2.1358772960597002e-05
2.1336640011921058e-05
2.1320349119950826e-05
2.131906549185107e-05
2.131270075199984e-05
2.130743206627749e-05
2.1301244094608128e-05
2.1293946299660675e-05
2.1293097724074473e-05
2.128482746534343e-05
2.127583037382012e-05
2.1265991706373292e-05
2.126453254592101e-05
2.125268083951511e-05
2.1244839590999912e-05
2.124404932845405e-05
2.1239153799081836e-05
2.1228271789865134e-05
2.1224868735037363e-05
2.1217189901159166e-05
2.1214675790947576e-05
2.1214080828465862e-05
2.12127311588084e-05
2.1202443544801e-05
2.1182863300874453e-05
2.11792827487956e-05
2.1173034938865585e-05
2.116467945213616e-05
2.1159616277803575e-05
2.11550647547769e-05
2.1152571856177178e-05
2.1145071203357312e-05
2.1137937547635956e-05
2.1131496653881515e-05
2.1129256317769493e-05
2.112587188211771e-05
2.1111500263446236e-05
2.1109447914277253e-05
2.1091449046892513e-05
2.1088775659972787e-05
2.1079056170323458e-05
2.1075603616622927e-05
2.1075448874588453e-05
2.1071405907699812e-05
2.1066446738824486e-05
2.1060408368881542e-05
2.1055276523287467e-05
2.1042093482143595e-05
2.103958009223536e-05
2.1037721008173882e-05
2.1031951191838882e-05
2.1020688018966637e-05
2.1008860001945894e-05
2.1005518623690396e-05
2.1003631160143032e-05
2.1000900116750482e-05
2.0997983841844364e-05
2.0975957644247987e-05
2.096582104310623e-05
2.096032242597894e-05
2.0958227651487683e-05
2.095592304404017e-05
2.0931996548996722e-05
2.0930410235486875e-05
2.09275154301433e-05
2.0916880447164663e-05
2.091176625434507e-05
2.0908929822845323e-05
2.0897171022449424e-05
2.0892973101230233e-05
2.0881742547808908e-05
2.087155888701394e-05
2.0868717968522787e-05
2.086015413382393e-05
2.0858136411527062e-05
2.0850716555730928e-05
2.08475850619885e-05
2.0840885062940567e-05
2.0835441553418408e-05
2.083119811719061e-05
2.0819389934743455e-05
2.081908026357111e-05
2.079997602462093e-05
2.0796280778343557e-05
2.0792081805367063e-05
2.078673216259849e-05
2.0778372453837137e-05
2.077574372015667e-05
2.076918253887113e-05
2.075748631931945e-05
2.074999683906024e-05
2.0745392414985715e-05
2.0739101012278578e-05
2.0737708396577565e-05
2.0729490976732575e-05
2.0728300257820383e-05
2.0719922741922492e-05
2.0709891251921983e-05
2.070318143357567e-05
2.0701370355888017e-05
2.0695060229356774e-05
2.0689484942227845e-05
2.067845841501502e-05
2.0671634056337354e-05
2.0668105816427743e-05
2.0651990483290837e-05
2.064822310918004e-05
2.064464952512312e-05
2.0639474299786038e-05
2.0633420284911488e-05
2.062683495931015e-05
2.0619486052439298e-05
2.0611349010887234e-05
2.060760765710976e-05
2.0603524079942515e-05
2.060111677557108e-05
2.0596473341810403e-05
2.0592192444968163e-05
2.058863630310326e-05
2.058385615359638e-05
2.057285007263855e-05
2.0566542538247844e-05
2.0552032395541242e-05
2.053855963901208e-05
2.0532097050547e-05
2.0526446414190237e-05
2.0520288564547142e-05
2.0516423584381534e-05
2.0506836310477677e-05
2.050096106577917e-05
2.04921963378502e-05
2.048934974533789e-05
2.0487323874964898e-05
2.048152601048862e-05
2.0471926024212604e-05
2.045552769682933e-05
2.0453823304946125e-05
2.044871748251296e-05
2.0445478584761442e-05
2.0435186384718294e-05
2.042718890654905e-05
2.042275993322397e-05
